,date,降水量_香川
0,2020-01-01,0.0
1,2020-01-02,0.0
2,2020-01-03,0.0
3,2020-01-04,0.0
4,2020-01-05,0.0
5,2020-01-06,0.0
6,2020-01-07,0.0
7,2020-01-08,0.0
8,2020-01-09,0.0
9,2020-01-10,0.0
10,2020-01-11,0.0
11,2020-01-12,0.0
12,2020-01-13,0.0
13,2020-01-14,0.0
14,2020-01-15,0.0
15,2020-01-16,0.0
16,2020-01-17,0.0
17,2020-01-18,0.0
18,2020-01-19,0.0
19,2020-01-20,0.0
20,2020-01-21,0.0
21,2020-01-22,9.788450528841613
22,2020-01-23,0.0
23,2020-01-24,0.0
24,2020-01-25,16.203401978164795
25,2020-01-26,35.30441353068125
26,2020-01-27,0.0
27,2020-01-28,0.0
28,2020-01-29,0.0
29,2020-01-30,0.0
30,2020-01-31,0.0
31,2020-02-01,0.0
32,2020-02-02,0.0
33,2020-02-03,0.0
34,2020-02-04,0.0
35,2020-02-05,0.0
36,2020-02-06,0.0
37,2020-02-07,0.0
38,2020-02-08,0.0
39,2020-02-09,0.0
40,2020-02-10,0.0
41,2020-02-11,0.0
42,2020-02-12,3.1160709131382927
43,2020-02-13,0.0
44,2020-02-14,9.40811350437104
45,2020-02-15,10.84879908766219
46,2020-02-16,16.19874885406953
47,2020-02-17,0.0
48,2020-02-18,0.0
49,2020-02-19,0.0
50,2020-02-20,0.0
51,2020-02-21,0.0
52,2020-02-22,0.0
53,2020-02-23,0.0
54,2020-02-24,0.0
55,2020-02-25,0.0
56,2020-02-26,0.0
57,2020-02-27,0.0
58,2020-02-28,0.0
59,2020-02-29,0.0
60,2020-03-01,0.0
61,2020-03-02,0.0
62,2020-03-03,11.562367971361445
63,2020-03-04,5.063355862062797
64,2020-03-05,0.0
65,2020-03-06,0.0
66,2020-03-07,0.2364614865580746
67,2020-03-08,0.0
68,2020-03-09,26.732296424848503
69,2020-03-10,0.0
70,2020-03-11,0.0
71,2020-03-12,0.0
72,2020-03-13,0.0
73,2020-03-14,0.0
74,2020-03-15,0.0
75,2020-03-16,0.0
76,2020-03-17,0.0
77,2020-03-18,0.0
78,2020-03-19,0.0
79,2020-03-20,0.0
80,2020-03-21,0.0
81,2020-03-22,3.4850424984687245
82,2020-03-23,0.0
83,2020-03-24,0.0
84,2020-03-25,0.0
85,2020-03-26,4.9565982273236715
86,2020-03-27,10.103492301240552
87,2020-03-28,6.569108880490086
88,2020-03-29,5.207544854209332
89,2020-03-30,1.2384722643637678
90,2020-03-31,5.015221328462668
91,2020-04-01,8.443331633769454
92,2020-04-02,0.0
93,2020-04-03,0.0
94,2020-04-04,0.0
95,2020-04-05,0.0
96,2020-04-06,0.0
97,2020-04-07,0.0
98,2020-04-08,0.0
99,2020-04-09,0.0
100,2020-04-10,0.0
101,2020-04-11,0.0
102,2020-04-12,38.12226224717025
103,2020-04-13,0.0
104,2020-04-14,0.0
105,2020-04-15,2.3773649730926354
106,2020-04-16,0.0
107,2020-04-17,15.101522996786215
108,2020-04-18,0.0
109,2020-04-19,11.367302905356103
110,2020-04-20,0.0
111,2020-04-21,0.9679550197090396
112,2020-04-22,0.0
113,2020-04-23,0.0
114,2020-04-24,0.0
115,2020-04-25,0.0
116,2020-04-26,0.0
117,2020-04-27,0.0
118,2020-04-28,0.0
119,2020-04-29,0.0
120,2020-04-30,0.0
121,2020-05-01,0.0
122,2020-05-02,5.323190933784389
123,2020-05-03,11.358945205034036
124,2020-05-04,0.0
125,2020-05-05,0.0
126,2020-05-06,0.0
127,2020-05-07,0.0
128,2020-05-08,0.0
129,2020-05-09,0.0
130,2020-05-10,0.0
131,2020-05-11,0.0
132,2020-05-12,0.0
133,2020-05-13,0.0
134,2020-05-14,0.0
135,2020-05-15,10.957142610313124
136,2020-05-16,20.648874961675066
137,2020-05-17,0.0
138,2020-05-18,30.663163558982923
139,2020-05-19,0.0
140,2020-05-20,0.0
141,2020-05-21,0.17394684943559027
142,2020-05-22,0.36687923755925617
143,2020-05-23,0.5778318303836926
144,2020-05-24,0.19828828826176662
145,2020-05-25,2.1913286366796387
146,2020-05-26,3.023691835037473
147,2020-05-27,0.0
148,2020-05-28,0.0
149,2020-05-29,0.0
150,2020-05-30,11.093597746146543
151,2020-05-31,0.0
152,2020-06-01,3.3792392886429465
153,2020-06-02,0.0
154,2020-06-03,0.29594691805233175
155,2020-06-04,0.0
156,2020-06-05,0.3761641197943705
157,2020-06-06,0.0
158,2020-06-07,0.0
159,2020-06-08,0.0
160,2020-06-09,0.0
161,2020-06-10,0.07985166287045446
162,2020-06-11,24.175686674785396
163,2020-06-12,6.289215719009181
164,2020-06-13,10.267881514704973
165,2020-06-14,4.984124943939163
166,2020-06-15,0.0
167,2020-06-16,19.994770030673955
168,2020-06-17,17.153685134904915
169,2020-06-18,30.181449180442286
170,2020-06-19,0.0
171,2020-06-20,4.2098192712971825
172,2020-06-21,0.3198040337200179
173,2020-06-22,0.0
174,2020-06-23,0.0
175,2020-06-24,0.0
176,2020-06-25,5.407182533459343
177,2020-06-26,0.36779918609659323
178,2020-06-27,15.773490575671282
179,2020-06-28,4.967665420249497
180,2020-06-29,0.0
181,2020-06-30,5.284406172054166
182,2020-07-01,0.0
183,2020-07-02,4.609895017471773
184,2020-07-03,14.471182056797277
185,2020-07-04,9.219790034943546
186,2020-07-05,8.103588228390752
187,2020-07-06,37.556939397026845
188,2020-07-07,39.843534186874855
189,2020-07-08,10.824888520710804
190,2020-07-09,15.937413936813043
191,2020-07-10,17.3195848809408
192,2020-07-11,15.806021020141557
193,2020-07-12,17.709323446763197
194,2020-07-13,44.90151159201823
195,2020-07-14,9.096351208051763
196,2020-07-15,0.0
197,2020-07-16,0.31266160335103044
198,2020-07-17,0.7810908038872718
199,2020-07-18,0.20367384649829995
200,2020-07-19,0.0011095174434444144
201,2020-07-20,1.4105592916745544
202,2020-07-21,0.0
203,2020-07-22,3.2920217063751678
204,2020-07-23,10.625596457625619
205,2020-07-24,29.7583564474136
206,2020-07-25,16.448115770757603
207,2020-07-26,21.05066959260549
208,2020-07-27,11.192411672450081
209,2020-07-28,0.0
210,2020-07-29,0.0
211,2020-07-30,0.0
212,2020-07-31,0.0
213,2020-08-01,5.749312480111334
214,2020-08-02,0.5524842755250952
215,2020-08-03,0.0
216,2020-08-04,0.0
217,2020-08-05,0.0
218,2020-08-06,0.0
219,2020-08-07,0.0
220,2020-08-08,0.0
221,2020-08-09,0.0
222,2020-08-10,0.18819958505278875
223,2020-08-11,1.2049751830693023
224,2020-08-12,0.0
225,2020-08-13,0.0
226,2020-08-14,0.0
227,2020-08-15,0.0
228,2020-08-16,0.0
229,2020-08-17,0.0
230,2020-08-18,0.0
231,2020-08-19,0.0
232,2020-08-20,0.08181728251093397
233,2020-08-21,0.0
234,2020-08-22,6.799134354020887
235,2020-08-23,0.0
236,2020-08-24,0.0
237,2020-08-25,0.0
238,2020-08-26,1.2155403074597486
239,2020-08-27,0.0
240,2020-08-28,0.0
241,2020-08-29,0.0
242,2020-08-30,0.0
243,2020-08-31,0.0
244,2020-09-01,2.8659429901788966
245,2020-09-02,2.1740529833205935
246,2020-09-03,0.0
247,2020-09-04,15.136676500577328
248,2020-09-05,0.0
249,2020-09-06,12.728080938237335
250,2020-09-07,0.0
251,2020-09-08,0.0
252,2020-09-09,0.0
253,2020-09-10,0.0
254,2020-09-11,23.606847862088657
255,2020-09-12,0.0
256,2020-09-13,0.0
257,2020-09-14,0.0
258,2020-09-15,0.0
259,2020-09-16,1.907446131031705
260,2020-09-17,4.392921321458437
261,2020-09-18,4.415329784625809
262,2020-09-19,0.6678206752887608
263,2020-09-20,0.05620870797805897
264,2020-09-21,0.0
265,2020-09-22,0.0
266,2020-09-23,0.0
267,2020-09-24,48.612983746668554
268,2020-09-25,15.036081092352253
269,2020-09-26,5.625949367712636
270,2020-09-27,0.0
271,2020-09-28,0.0
272,2020-09-29,0.0
273,2020-09-30,0.0
274,2020-10-01,0.0
275,2020-10-02,0.0
276,2020-10-03,3.495551767700862
277,2020-10-04,0.0
278,2020-10-05,0.0
279,2020-10-06,0.0
280,2020-10-07,15.2677792828275
281,2020-10-08,108.52343792481203
282,2020-10-09,8.677646304719692
283,2020-10-10,0.0
284,2020-10-11,0.0
285,2020-10-12,0.0
286,2020-10-13,0.0
287,2020-10-14,0.0
288,2020-10-15,0.0
289,2020-10-16,0.0
290,2020-10-17,0.0
291,2020-10-18,0.0
292,2020-10-19,0.0
293,2020-10-20,0.0
294,2020-10-21,0.0
295,2020-10-22,2.2061422447049592
296,2020-10-23,0.0
297,2020-10-24,0.0
298,2020-10-25,0.0
299,2020-10-26,0.00020291242230192322
300,2020-10-27,0.05463142458144842
301,2020-10-28,0.0
302,2020-10-29,0.0
303,2020-10-30,1.0504254922102592
304,2020-10-31,6.449409089113556
305,2020-11-01,1.016368922656241
306,2020-11-02,8.25420042659395
307,2020-11-03,0.0
308,2020-11-04,0.0
309,2020-11-05,0.0
310,2020-11-06,7.869876550139118
311,2020-11-07,0.0
312,2020-11-08,0.0
313,2020-11-09,0.0
314,2020-11-10,0.0
315,2020-11-11,0.0
316,2020-11-12,0.0
317,2020-11-13,0.0
318,2020-11-14,0.0
319,2020-11-15,0.7850628677752792
320,2020-11-16,0.0
321,2020-11-17,0.0
322,2020-11-18,0.0
323,2020-11-19,7.523059893407885
324,2020-11-20,0.0
325,2020-11-21,0.0
326,2020-11-22,8.214170767006971
327,2020-11-23,0.0
328,2020-11-24,0.0
329,2020-11-25,0.0
330,2020-11-26,0.0
331,2020-11-27,9.255069135632887
332,2020-11-28,0.0
333,2020-11-29,0.0
334,2020-11-30,0.0
335,2020-12-01,0.0
336,2020-12-02,0.0
337,2020-12-03,0.0
338,2020-12-04,0.0
339,2020-12-05,0.0
340,2020-12-06,0.0
341,2020-12-07,0.0
342,2020-12-08,8.743990212835882
343,2020-12-09,0.0
344,2020-12-10,0.0
345,2020-12-11,0.36960404900521415
346,2020-12-12,0.0
347,2020-12-13,8.985394360159821
348,2020-12-14,0.0
349,2020-12-15,0.0
350,2020-12-16,0.0
351,2020-12-17,0.0
352,2020-12-18,0.0
353,2020-12-19,0.1477291546341528
354,2020-12-20,0.0
355,2020-12-21,0.0
356,2020-12-22,0.0
357,2020-12-23,0.0
358,2020-12-24,4.1680746814018805
359,2020-12-25,0.0
360,2020-12-26,0.0
361,2020-12-27,0.677037879521906
362,2020-12-28,0.0
363,2020-12-29,0.0
364,2020-12-30,0.0
365,2020-12-31,0.0
366,2021-01-01,0.0
367,2021-01-02,0.0
368,2021-01-03,0.10457638513781775
369,2021-01-04,0.0
370,2021-01-05,3.5279185750414506
371,2021-01-06,1.8414453066229552
372,2021-01-07,0.0
373,2021-01-08,0.0
374,2021-01-09,0.0
375,2021-01-10,0.0
376,2021-01-11,0.0
377,2021-01-12,0.0
378,2021-01-13,0.0
379,2021-01-14,0.0
380,2021-01-15,0.0
381,2021-01-16,0.9903884637257135
382,2021-01-17,0.0
383,2021-01-18,0.0
384,2021-01-19,0.0
385,2021-01-20,0.0
386,2021-01-21,0.0
387,2021-01-22,33.48586683653637
388,2021-01-23,0.0
389,2021-01-24,0.0
390,2021-01-25,0.0
391,2021-01-26,0.0
392,2021-01-27,0.0
393,2021-01-28,0.0
394,2021-01-29,0.0
395,2021-01-30,0.0
396,2021-01-31,0.0
397,2021-02-01,0.0
398,2021-02-02,0.0
399,2021-02-03,0.0
400,2021-02-04,0.0
401,2021-02-05,0.0
402,2021-02-06,0.0
403,2021-02-07,0.0
404,2021-02-08,0.0
405,2021-02-09,0.0
406,2021-02-10,0.0
407,2021-02-11,14.389264050778632
408,2021-02-12,0.0
409,2021-02-13,0.0
410,2021-02-14,19.01590611792938
411,2021-02-15,0.0
412,2021-02-16,0.0
413,2021-02-17,0.0
414,2021-02-18,0.0
415,2021-02-19,0.0
416,2021-02-20,0.0
417,2021-02-21,0.0
418,2021-02-22,0.0
419,2021-02-23,0.0
420,2021-02-24,0.0
421,2021-02-25,0.0
422,2021-02-26,14.84201034376548
423,2021-02-27,1.721709431877165
424,2021-02-28,0.2698571726825562
425,2021-03-01,0.0
426,2021-03-02,0.0
427,2021-03-03,0.0
428,2021-03-04,0.0
429,2021-03-05,0.0
430,2021-03-06,0.0
431,2021-03-07,0.0
432,2021-03-08,0.0
433,2021-03-09,0.0
434,2021-03-10,0.0
435,2021-03-11,25.041803529336093
436,2021-03-12,6.3660256218605245
437,2021-03-13,0.0
438,2021-03-14,0.0
439,2021-03-15,0.0
440,2021-03-16,0.0
441,2021-03-17,0.0
442,2021-03-18,0.0
443,2021-03-19,0.0
444,2021-03-20,1.5841830557140753
445,2021-03-21,13.467949161500837
446,2021-03-22,0.0
447,2021-03-23,0.0
448,2021-03-24,9.268353907123736
449,2021-03-25,0.6432583125755247
450,2021-03-26,0.0
451,2021-03-27,8.359084470546541
452,2021-03-28,12.082727959319287
453,2021-03-29,0.0
454,2021-03-30,0.0
455,2021-03-31,0.0
456,2021-04-01,0.0
457,2021-04-02,0.0
458,2021-04-03,0.0
459,2021-04-04,0.0
460,2021-04-05,0.0
461,2021-04-06,0.0
462,2021-04-07,0.0
463,2021-04-08,0.0
464,2021-04-09,0.0
465,2021-04-10,0.0
466,2021-04-11,0.0
467,2021-04-12,10.233787265372868
468,2021-04-13,0.0
469,2021-04-14,0.0
470,2021-04-15,0.0
471,2021-04-16,11.24337091725782
472,2021-04-17,5.62168545862891
473,2021-04-18,0.0
474,2021-04-19,0.0
475,2021-04-20,0.0
476,2021-04-21,0.0
477,2021-04-22,0.0
478,2021-04-23,0.0
479,2021-04-24,0.0
480,2021-04-25,0.0
481,2021-04-26,0.0
482,2021-04-27,12.783221468699436
483,2021-04-28,0.0
484,2021-04-29,38.612039432568686
485,2021-04-30,0.0
486,2021-05-01,0.0
487,2021-05-02,0.0
488,2021-05-03,0.0
489,2021-05-04,8.471787366228412
490,2021-05-05,7.334888342002714
491,2021-05-06,0.0
492,2021-05-07,2.330326240703161
493,2021-05-08,4.7148662650378865
494,2021-05-09,0.0
495,2021-05-10,0.0
496,2021-05-11,8.371794683041655
497,2021-05-12,11.966951648663361
498,2021-05-13,0.0
499,2021-05-14,0.0
500,2021-05-15,4.360832622124792
501,2021-05-16,4.993136067243336
502,2021-05-17,7.198464760661932
503,2021-05-18,13.370668315815696
504,2021-05-19,9.382076800901068
505,2021-05-20,27.57234150130916
506,2021-05-21,16.588921683277736
507,2021-05-22,0.71740432822498
508,2021-05-23,0.0
509,2021-05-24,0.0
510,2021-05-25,0.0
511,2021-05-26,7.900357713907441
512,2021-05-27,0.0
513,2021-05-28,21.433295886439424
514,2021-05-29,0.0
515,2021-05-30,0.0
516,2021-05-31,0.0
517,2021-06-01,0.0
518,2021-06-02,0.31434375312294255
519,2021-06-03,29.015360497100808
520,2021-06-04,7.234842544753718
521,2021-06-05,0.0
522,2021-06-06,0.0
523,2021-06-07,0.08431551598175026
524,2021-06-08,0.0
525,2021-06-09,0.0
526,2021-06-10,5.703129360422862
527,2021-06-11,3.7500693948758643
528,2021-06-12,11.052623069223559
529,2021-06-13,0.0
530,2021-06-14,0.0
531,2021-06-15,2.970397466461492
532,2021-06-16,0.0
533,2021-06-17,0.0
534,2021-06-18,2.9622727330238683
535,2021-06-19,0.0
536,2021-06-20,0.0
537,2021-06-21,0.0
538,2021-06-22,0.0
539,2021-06-23,0.0
540,2021-06-24,0.0
541,2021-06-25,10.09568643175273
542,2021-06-26,1.5315069251709905
543,2021-06-27,8.053977139647335
544,2021-06-28,9.204545540590766
545,2021-06-29,0.0
546,2021-06-30,8.053977139647335
547,2021-07-01,0.0
548,2021-07-02,10.301753950800727
549,2021-07-03,6.297276927439946
550,2021-07-04,0.0
551,2021-07-05,0.0
552,2021-07-06,0.0
553,2021-07-07,40.60863812908003
554,2021-07-08,14.233967950417638
555,2021-07-09,17.592289390736187
556,2021-07-10,0.0
557,2021-07-11,0.4315804229632996
558,2021-07-12,0.307918952227177
559,2021-07-13,12.891321648324315
560,2021-07-14,12.983363990410544
561,2021-07-15,1.9837645759611224
562,2021-07-16,8.114511802377693
563,2021-07-17,10.513546741663557
564,2021-07-18,6.343503766529896
565,2021-07-19,0.0
566,2021-07-20,0.0
567,2021-07-21,0.0
568,2021-07-22,0.0
569,2021-07-23,0.0
570,2021-07-24,0.0
571,2021-07-25,0.0
572,2021-07-26,0.0
573,2021-07-27,0.0
574,2021-07-28,0.0
575,2021-07-29,0.0
576,2021-07-30,0.0
577,2021-07-31,0.0
578,2021-08-01,0.0
579,2021-08-02,0.0
580,2021-08-03,0.0
581,2021-08-04,0.0
582,2021-08-05,0.0
583,2021-08-06,0.0
584,2021-08-07,0.0
585,2021-08-08,37.10768820774833
586,2021-08-09,0.0
587,2021-08-10,0.0
588,2021-08-11,11.220669848296406
589,2021-08-12,30.468887895995998
590,2021-08-13,39.75080514510294
591,2021-08-14,30.8623070828084
592,2021-08-15,0.0
593,2021-08-16,4.638012236271522
594,2021-08-17,26.26302953121624
595,2021-08-18,17.292334551556475
596,2021-08-19,36.20857616651319
597,2021-08-20,10.694029939721814
598,2021-08-21,2.6625553644896454
599,2021-08-22,0.07659063920479595
600,2021-08-23,3.1967977031538415
601,2021-08-24,14.906965135900126
602,2021-08-25,0.0
603,2021-08-26,2.4932315396222067
604,2021-08-27,0.0
605,2021-08-28,0.0
606,2021-08-29,0.0
607,2021-08-30,0.0
608,2021-08-31,0.0
609,2021-09-01,36.68923098561995
610,2021-09-02,23.946453899616042
611,2021-09-03,20.023354263391774
612,2021-09-04,10.219799224015373
613,2021-09-05,0.0
614,2021-09-06,0.0
615,2021-09-07,3.288924202872363
616,2021-09-08,0.0
617,2021-09-09,0.0
618,2021-09-10,0.0
619,2021-09-11,0.0
620,2021-09-12,0.0
621,2021-09-13,9.691745892245578
622,2021-09-14,27.769826430499418
623,2021-09-15,0.0
624,2021-09-16,0.0
625,2021-09-17,33.18711819300712
626,2021-09-18,0.0
627,2021-09-19,0.0
628,2021-09-20,0.0
629,2021-09-21,0.0
630,2021-09-22,0.0
631,2021-09-23,0.0
632,2021-09-24,0.0
633,2021-09-25,0.0
634,2021-09-26,0.0
635,2021-09-27,0.0
636,2021-09-28,0.0
637,2021-09-29,0.0
638,2021-09-30,3.5276716512517883
639,2021-10-01,0.0
640,2021-10-02,0.0
641,2021-10-03,0.0
642,2021-10-04,0.0
643,2021-10-05,0.0
644,2021-10-06,0.0
645,2021-10-07,0.0
646,2021-10-08,0.0
647,2021-10-09,0.0
648,2021-10-10,0.0
649,2021-10-11,11.337249871391027
650,2021-10-12,0.0
651,2021-10-13,0.0
652,2021-10-14,0.0
653,2021-10-15,0.0
654,2021-10-16,0.0
655,2021-10-17,0.0
656,2021-10-18,10.712829437715115
657,2021-10-19,0.0
658,2021-10-20,0.13066583293286188
659,2021-10-21,0.0
660,2021-10-22,0.0
661,2021-10-23,0.0
662,2021-10-24,8.89720690707859
663,2021-10-25,35.58882762831436
664,2021-10-26,0.0
665,2021-10-27,0.0
666,2021-10-28,0.0
667,2021-10-29,0.0
668,2021-10-30,0.0
669,2021-10-31,0.0
670,2021-11-01,0.0
671,2021-11-02,0.0
672,2021-11-03,0.0
673,2021-11-04,0.0
674,2021-11-05,0.0
675,2021-11-06,25.242172941576722
676,2021-11-07,4.724415648153978
677,2021-11-08,0.33246404591855294
678,2021-11-09,0.0
679,2021-11-10,0.0
680,2021-11-11,0.0
681,2021-11-12,5.489748498387047
682,2021-11-13,0.0
683,2021-11-14,0.0
684,2021-11-15,0.0
685,2021-11-16,0.8330972992988167
686,2021-11-17,0.0
687,2021-11-18,0.0
688,2021-11-19,0.0
689,2021-11-20,0.0
690,2021-11-21,5.402144471535206
691,2021-11-22,15.632336806676907
692,2021-11-23,0.0
693,2021-11-24,0.0
694,2021-11-25,0.0
695,2021-11-26,0.0
696,2021-11-27,0.0
697,2021-11-28,0.0
698,2021-11-29,0.0
699,2021-11-30,26.72315966087324
700,2021-12-01,0.0
701,2021-12-02,0.0
702,2021-12-03,0.0
703,2021-12-04,0.0
704,2021-12-05,0.0
705,2021-12-06,0.0
706,2021-12-07,0.0
707,2021-12-08,0.0
708,2021-12-09,0.0
709,2021-12-10,0.0
710,2021-12-11,0.0
711,2021-12-12,0.0
712,2021-12-13,0.0
713,2021-12-14,0.0
714,2021-12-15,0.0
715,2021-12-16,28.177302125883426
716,2021-12-17,0.0
717,2021-12-18,0.0
718,2021-12-19,0.0
719,2021-12-20,0.0
720,2021-12-21,0.0
721,2021-12-22,0.0
722,2021-12-23,0.0
723,2021-12-24,1.0715655128789001
724,2021-12-25,0.0
725,2021-12-26,0.0
726,2021-12-27,0.0
727,2021-12-28,0.0
728,2021-12-29,0.0
729,2021-12-30,0.0
730,2021-12-31,0.0
731,2022-01-01,0.0
732,2022-01-02,0.0
733,2022-01-03,0.0
734,2022-01-04,0.0
735,2022-01-05,0.40653031997163996
736,2022-01-06,0.0
737,2022-01-07,0.0
738,2022-01-08,0.0
739,2022-01-09,0.0
740,2022-01-10,0.6728914115911502
741,2022-01-11,10.487891108223689
742,2022-01-12,0.0
743,2022-01-13,0.0
744,2022-01-14,0.0
745,2022-01-15,0.0
746,2022-01-16,0.0
747,2022-01-17,0.0
748,2022-01-18,0.0
749,2022-01-19,0.0
750,2022-01-20,0.0
751,2022-01-21,0.0
752,2022-01-22,0.0
753,2022-01-23,5.268524363311813
754,2022-01-24,0.0
755,2022-01-25,0.0
756,2022-01-26,0.0
757,2022-01-27,0.0
758,2022-01-28,0.0
759,2022-01-29,0.0
760,2022-01-30,3.4384160300140723
761,2022-01-31,0.0
762,2022-02-01,0.0
763,2022-02-02,0.0
764,2022-02-03,1.5619547307894945
765,2022-02-04,2.601977880419063
766,2022-02-05,0.0
767,2022-02-06,0.0
768,2022-02-07,2.3519316372609476
769,2022-02-08,0.0
770,2022-02-09,0.0
771,2022-02-10,0.0
772,2022-02-11,0.0
773,2022-02-12,0.0
774,2022-02-13,3.0119859865502905
775,2022-02-14,0.0
776,2022-02-15,0.0
777,2022-02-16,0.0
778,2022-02-17,0.0
779,2022-02-18,1.2371276779404432
780,2022-02-19,13.698702119004915
781,2022-02-20,0.0
782,2022-02-21,0.8027841680654465
783,2022-02-22,0.0
784,2022-02-23,0.0
785,2022-02-24,0.0
786,2022-02-25,0.0
787,2022-02-26,0.0
788,2022-02-27,0.0
789,2022-02-28,0.0
790,2022-03-01,0.0
791,2022-03-02,0.0
792,2022-03-03,0.0
793,2022-03-04,9.114393850660933
794,2022-03-05,0.0
795,2022-03-06,0.0
796,2022-03-07,0.0
797,2022-03-08,0.0
798,2022-03-09,0.0
799,2022-03-10,0.0
800,2022-03-11,0.0
801,2022-03-12,0.0
802,2022-03-13,6.936330790264971
803,2022-03-14,0.0
804,2022-03-15,0.0
805,2022-03-16,0.0
806,2022-03-17,14.741060995355953
807,2022-03-18,17.23465020931063
808,2022-03-19,0.0
809,2022-03-20,0.0
810,2022-03-21,12.738100145166309
811,2022-03-22,1.2535533341722798
812,2022-03-23,0.0
813,2022-03-24,0.0
814,2022-03-25,10.025292314381597
815,2022-03-26,11.39748630136184
816,2022-03-27,0.0
817,2022-03-28,0.0
818,2022-03-29,0.0
819,2022-03-30,0.0
820,2022-03-31,3.6025430495977577
821,2022-04-01,0.3372277828694466
822,2022-04-02,0.0
823,2022-04-03,0.0
824,2022-04-04,0.0
825,2022-04-05,2.1236923637024163
826,2022-04-06,0.0
827,2022-04-07,0.0
828,2022-04-08,0.0
829,2022-04-09,0.0
830,2022-04-10,0.0
831,2022-04-11,12.023907881737474
832,2022-04-12,0.0
833,2022-04-13,0.0
834,2022-04-14,0.0
835,2022-04-15,0.0
836,2022-04-16,0.0
837,2022-04-17,0.0
838,2022-04-18,0.0
839,2022-04-19,0.0
840,2022-04-20,1.173597310610155
841,2022-04-21,5.317681080780144
842,2022-04-22,2.1116846138772614
843,2022-04-23,8.08164790342229
844,2022-04-24,5.524884172630453
845,2022-04-25,0.15179447951937544
846,2022-04-26,21.27523034026158
847,2022-04-27,6.149514937059963
848,2022-04-28,0.0
849,2022-04-29,0.7123776267936482
850,2022-04-30,5.996759180380401
851,2022-05-01,0.0
852,2022-05-02,0.0
853,2022-05-03,0.0
854,2022-05-04,0.0
855,2022-05-05,4.32415729792518
856,2022-05-06,0.0
857,2022-05-07,0.0
858,2022-05-08,0.0
859,2022-05-09,0.0
860,2022-05-10,3.567220900092832
861,2022-05-11,0.9146743929413048
862,2022-05-12,16.872263411815407
863,2022-05-13,25.215637356289527
864,2022-05-14,0.2848062106233687
865,2022-05-15,3.5557781812210028
866,2022-05-16,0.43159200128888253
867,2022-05-17,1.4737154801058716
868,2022-05-18,0.0
869,2022-05-19,0.9402385271070951
870,2022-05-20,3.485750106692404
871,2022-05-21,0.0
872,2022-05-22,0.0
873,2022-05-23,0.0
874,2022-05-24,0.0
875,2022-05-25,0.0
876,2022-05-26,19.61736860770404
877,2022-05-27,0.0
878,2022-05-28,0.0
879,2022-05-29,0.0
880,2022-05-30,0.0
881,2022-05-31,0.0
882,2022-06-01,3.7552529170694338
883,2022-06-02,0.0
884,2022-06-03,0.0
885,2022-06-04,0.14669337606322416
886,2022-06-05,10.04362396300512
887,2022-06-06,0.0
888,2022-06-07,0.0
889,2022-06-08,0.0
890,2022-06-09,0.0
891,2022-06-10,20.698420442074557
892,2022-06-11,5.1224489407578835
893,2022-06-12,0.0
894,2022-06-13,6.830384517092737
895,2022-06-14,3.2641413506033543
896,2022-06-15,1.9682040655855133
897,2022-06-16,0.12936674709311996
898,2022-06-17,0.652249255110394
899,2022-06-18,0.19600469638657267
900,2022-06-19,0.3821794092206689
901,2022-06-20,12.920699675698492
902,2022-06-21,11.617875541216273
903,2022-06-22,0.0
904,2022-06-23,0.0
905,2022-06-24,0.0
906,2022-06-25,3.6539804826023166
907,2022-06-26,0.0
908,2022-06-27,2.2161645478463154
909,2022-06-28,0.0
910,2022-06-29,0.0
911,2022-06-30,0.09034082313692596
912,2022-07-01,0.0
913,2022-07-02,0.0
914,2022-07-03,11.001729369612006
915,2022-07-04,17.487967854966968
916,2022-07-05,0.0
917,2022-07-06,0.0
918,2022-07-07,0.0
919,2022-07-08,0.0
920,2022-07-09,0.0
921,2022-07-10,0.0
922,2022-07-11,0.0
923,2022-07-12,0.0
924,2022-07-13,5.208589385917439
925,2022-07-14,1.5782882670337226
926,2022-07-15,20.49106714580183
927,2022-07-16,7.299312421843197
928,2022-07-17,14.788030969549427
929,2022-07-18,31.369669550428537
930,2022-07-19,17.331335210549014
931,2022-07-20,0.0
932,2022-07-21,0.0
933,2022-07-22,0.0
934,2022-07-23,0.0
935,2022-07-24,0.0
936,2022-07-25,0.0
937,2022-07-26,0.0
938,2022-07-27,17.421600342514463
939,2022-07-28,0.0
940,2022-07-29,1.2078001407683567
941,2022-07-30,0.0
942,2022-07-31,0.0
943,2022-08-01,0.0
944,2022-08-02,0.0
945,2022-08-03,0.0
946,2022-08-04,0.0
947,2022-08-05,0.0
948,2022-08-06,6.149971305023377
949,2022-08-07,0.565532296828707
950,2022-08-08,0.0
951,2022-08-09,0.0
952,2022-08-10,1.5998382754932228
953,2022-08-11,0.0
954,2022-08-12,0.0
955,2022-08-13,0.0
956,2022-08-14,4.486994668538629
957,2022-08-15,1.4697128922711464
958,2022-08-16,2.242777322807915
959,2022-08-17,18.747742288358413
960,2022-08-18,0.5102332845677819
961,2022-08-19,0.0
962,2022-08-20,13.514873958871812
963,2022-08-21,0.0
964,2022-08-22,12.184320485349701
965,2022-08-23,0.0
966,2022-08-24,0.0
967,2022-08-25,0.0
968,2022-08-26,0.0
969,2022-08-27,0.0
970,2022-08-28,0.0
971,2022-08-29,0.6126135832569131
972,2022-08-30,0.0
973,2022-08-31,7.986545599341122
974,2022-09-01,29.472911134351005
975,2022-09-02,12.356427805508053
976,2022-09-03,5.567755620223045
977,2022-09-04,0.0
978,2022-09-05,9.737223645993154
979,2022-09-06,14.102874023202128
980,2022-09-07,0.0
981,2022-09-08,0.0
982,2022-09-09,2.885257714309578
983,2022-09-10,2.777842626614711
984,2022-09-11,0.0
985,2022-09-12,0.0
986,2022-09-13,0.0
987,2022-09-14,0.0
988,2022-09-15,0.0
989,2022-09-16,0.0
990,2022-09-17,16.425994748904166
991,2022-09-18,25.756955789030716
992,2022-09-19,14.224337336710288
993,2022-09-20,0.0
994,2022-09-21,0.0
995,2022-09-22,7.322184236180611
996,2022-09-23,18.043606157496605
997,2022-09-24,0.0
998,2022-09-25,0.0
999,2022-09-26,0.07097887449342116
1000,2022-09-27,13.190589521593216
1001,2022-09-28,0.7851689173324921
1002,2022-09-29,0.0849505745945253
1003,2022-09-30,0.0
1004,2022-10-01,0.0
1005,2022-10-02,0.0
1006,2022-10-03,0.0
1007,2022-10-04,0.0
1008,2022-10-05,0.0
1009,2022-10-06,3.6233522509882734
1010,2022-10-07,11.633436266868252
1011,2022-10-08,0.0
1012,2022-10-09,36.080439153517695
1013,2022-10-10,0.0
1014,2022-10-11,0.0
1015,2022-10-12,0.0
1016,2022-10-13,0.0
1017,2022-10-14,0.0
1018,2022-10-15,0.0
1019,2022-10-16,0.0
1020,2022-10-17,1.7117686318310694
1021,2022-10-18,0.0
1022,2022-10-19,0.0
1023,2022-10-20,0.0
1024,2022-10-21,0.0
1025,2022-10-22,0.0
1026,2022-10-23,0.0
1027,2022-10-24,0.0
1028,2022-10-25,0.0
1029,2022-10-26,0.0
1030,2022-10-27,1.5519643751995469
1031,2022-10-28,0.0
1032,2022-10-29,0.0
1033,2022-10-30,0.0
1034,2022-10-31,7.189314663544734
1035,2022-11-01,13.289802217591157
1036,2022-11-02,0.0
1037,2022-11-03,0.0
1038,2022-11-04,0.0
1039,2022-11-05,0.0
1040,2022-11-06,0.0
1041,2022-11-07,0.0
1042,2022-11-08,0.0
1043,2022-11-09,0.0
1044,2022-11-10,0.0
1045,2022-11-11,0.0
1046,2022-11-12,0.0
1047,2022-11-13,0.0
1048,2022-11-14,0.0
1049,2022-11-15,0.0
1050,2022-11-16,0.0
1051,2022-11-17,0.0
1052,2022-11-18,0.0
1053,2022-11-19,0.0
1054,2022-11-20,2.849163125922933
1055,2022-11-21,0.0
1056,2022-11-22,13.93538726551179
1057,2022-11-23,0.0
1058,2022-11-24,0.0
1059,2022-11-25,9.196321821822716
1060,2022-11-26,0.0
1061,2022-11-27,3.022136876061054
1062,2022-11-28,7.351716879348811
1063,2022-11-29,0.0
1064,2022-11-30,4.7075263777561345
1065,2022-12-01,0.0
1066,2022-12-02,0.0
1067,2022-12-03,0.0
1068,2022-12-04,0.0
1069,2022-12-05,8.001416872640227
1070,2022-12-06,0.0
1071,2022-12-07,0.0
1072,2022-12-08,0.0
1073,2022-12-09,0.0
1074,2022-12-10,0.0
1075,2022-12-11,0.0
1076,2022-12-12,0.656065662791623
1077,2022-12-13,0.0
1078,2022-12-14,0.0
1079,2022-12-15,0.0
1080,2022-12-16,1.384686394685009
1081,2022-12-17,0.7676617867790549
1082,2022-12-18,0.0
1083,2022-12-19,0.0
1084,2022-12-20,0.0
1085,2022-12-21,14.982375925694129
1086,2022-12-22,0.0
1087,2022-12-23,0.0
1088,2022-12-24,0.0
1089,2022-12-25,0.0
1090,2022-12-26,0.0
1091,2022-12-27,0.0
1092,2022-12-28,0.0
1093,2022-12-29,0.0
1094,2022-12-30,0.0
1095,2022-12-31,0.0
1096,2023-01-01,0.0
1097,2023-01-02,1.7521155535322637
1098,2023-01-03,0.0
1099,2023-01-04,0.0
1100,2023-01-05,0.0
1101,2023-01-06,0.0
1102,2023-01-07,0.0
1103,2023-01-08,0.0
1104,2023-01-09,0.0
1105,2023-01-10,0.0
1106,2023-01-11,0.0
1107,2023-01-12,0.0
1108,2023-01-13,6.313522074436047
1109,2023-01-14,0.0
1110,2023-01-15,0.0
1111,2023-01-16,4.462270267033057
1112,2023-01-17,0.0
1113,2023-01-18,0.0
1114,2023-01-19,0.0
1115,2023-01-20,0.0
1116,2023-01-21,0.0
1117,2023-01-22,0.0
1118,2023-01-23,0.0
1119,2023-01-24,0.0
1120,2023-01-25,0.0
1121,2023-01-26,7.774000191527081
1122,2023-01-27,7.800398859249371
1123,2023-01-28,0.0
1124,2023-01-29,0.0
1125,2023-01-30,0.0
1126,2023-01-31,0.0
1127,2023-02-01,0.599695497926148
1128,2023-02-02,0.0
1129,2023-02-03,0.0
1130,2023-02-04,0.0
1131,2023-02-05,0.0
1132,2023-02-06,16.993466372235183
1133,2023-02-07,0.0
1134,2023-02-08,0.0
1135,2023-02-09,0.32701730728149414
1136,2023-02-10,0.0
1137,2023-02-11,0.0
1138,2023-02-12,14.175736690661886
1139,2023-02-13,0.0
1140,2023-02-14,0.0
1141,2023-02-15,0.0
1142,2023-02-16,0.0
1143,2023-02-17,0.0
1144,2023-02-18,0.0
1145,2023-02-19,0.0
1146,2023-02-20,0.0
1147,2023-02-21,0.0
1148,2023-02-22,0.0
1149,2023-02-23,0.0
1150,2023-02-24,0.0
1151,2023-02-25,0.0
1152,2023-02-26,0.0
1153,2023-02-27,0.0
1154,2023-02-28,0.0
1155,2023-03-01,0.0
1156,2023-03-02,0.0
1157,2023-03-03,0.0
1158,2023-03-04,0.0
1159,2023-03-05,0.0
1160,2023-03-06,0.0
1161,2023-03-07,0.0
1162,2023-03-08,0.0
1163,2023-03-09,1.8387542779146056
1164,2023-03-10,0.0
1165,2023-03-11,0.0
1166,2023-03-12,7.028642237859171
1167,2023-03-13,3.8847163302993484
1168,2023-03-14,0.0
1169,2023-03-15,0.0
1170,2023-03-16,0.0
1171,2023-03-17,22.928554717179434
1172,2023-03-18,0.0
1173,2023-03-19,0.0
1174,2023-03-20,0.19675305196447782
1175,2023-03-21,9.964825853357823
1176,2023-03-22,3.716408908053212
1177,2023-03-23,9.86595121768294
1178,2023-03-24,0.0
1179,2023-03-25,1.8647403797769653
1180,2023-03-26,15.728529164448462
1181,2023-03-27,1.4262090737520077
1182,2023-03-28,0.0
1183,2023-03-29,0.0
1184,2023-03-30,0.0
1185,2023-03-31,0.0
1186,2023-04-01,0.0
1187,2023-04-02,0.0
1188,2023-04-03,0.0
1189,2023-04-04,2.076220845350922
1190,2023-04-05,5.673268728636548
1191,2023-04-06,18.227876729226093
1192,2023-04-07,7.461268873480228
1193,2023-04-08,0.0
1194,2023-04-09,0.0
1195,2023-04-10,0.0
1196,2023-04-11,0.0
1197,2023-04-12,0.0
1198,2023-04-13,0.0
1199,2023-04-14,29.917108761089203
1200,2023-04-15,7.744252002894027
1201,2023-04-16,0.0
1202,2023-04-17,0.0
1203,2023-04-18,0.5448075088905696
1204,2023-04-19,9.051757703785432
1205,2023-04-20,0.0
1206,2023-04-21,0.5199936738670814
1207,2023-04-22,0.0
1208,2023-04-23,0.0
1209,2023-04-24,3.543941450262536
1210,2023-04-25,4.723770134246286
1211,2023-04-26,0.0
1212,2023-04-27,0.0
1213,2023-04-28,0.0
1214,2023-04-29,35.642144879871424
1215,2023-04-30,7.411760295397182
1216,2023-05-01,0.0
1217,2023-05-02,0.0
1218,2023-05-03,0.0
1219,2023-05-04,0.0
1220,2023-05-05,0.0
1221,2023-05-06,36.44971397319533
1222,2023-05-07,32.83937531579608
1223,2023-05-08,0.0
1224,2023-05-09,0.0
1225,2023-05-10,0.0
1226,2023-05-11,0.0
1227,2023-05-12,0.0
1228,2023-05-13,22.268211294422482
1229,2023-05-14,0.0
1230,2023-05-15,0.0
1231,2023-05-16,0.0
1232,2023-05-17,0.0
1233,2023-05-18,22.81996617772868
1234,2023-05-19,0.0
1235,2023-05-20,0.0
1236,2023-05-21,0.0
1237,2023-05-22,0.0
1238,2023-05-23,0.0
1239,2023-05-24,0.0
1240,2023-05-25,0.0
1241,2023-05-26,3.1792489906466037
1242,2023-05-27,0.0
1243,2023-05-28,0.0
1244,2023-05-29,40.383563645178434
1245,2023-05-30,0.0
1246,2023-05-31,0.0
1247,2023-06-01,55.472232123978436
1248,2023-06-02,21.478743080271197
1249,2023-06-03,0.0
1250,2023-06-04,0.0
1251,2023-06-05,6.192371577226282
1252,2023-06-06,2.3304154164276234
1253,2023-06-07,0.0
1254,2023-06-08,9.103188292616018
1255,2023-06-09,4.661154168992226
1256,2023-06-10,23.224185741243726
1257,2023-06-11,12.702177242913402
1258,2023-06-12,6.689115731674894
1259,2023-06-13,1.4333589464493315
1260,2023-06-14,0.0
1261,2023-06-15,0.0
1262,2023-06-16,0.0
1263,2023-06-17,0.1877716041490312
1264,2023-06-18,4.665635379657788
1265,2023-06-19,0.0
1266,2023-06-20,1.0579846197721023
1267,2023-06-21,2.687391397197772
1268,2023-06-22,4.947833114857957
1269,2023-06-23,6.152350792048836
1270,2023-06-24,4.786051790906218
1271,2023-06-25,0.0
1272,2023-06-26,1.9630332403922095
1273,2023-06-27,0.0
1274,2023-06-28,0.0
1275,2023-06-29,3.7807517521716845
1276,2023-06-30,13.81191080651667
1277,2023-07-01,11.781021596795188
1278,2023-07-02,0.0
1279,2023-07-03,21.16661966035382
1280,2023-07-04,0.0
1281,2023-07-05,13.756682103159195
1282,2023-07-06,0.0
1283,2023-07-07,10.381360199327661
1284,2023-07-08,21.674870305172565
1285,2023-07-09,0.6952840092488928
1286,2023-07-10,0.0
1287,2023-07-11,0.0
1288,2023-07-12,1.1214164253282226
1289,2023-07-13,5.201564001086244
1290,2023-07-14,4.972291563936783
1291,2023-07-15,0.0
1292,2023-07-16,0.0
1293,2023-07-17,0.0
1294,2023-07-18,0.44178245406656713
1295,2023-07-19,0.0
1296,2023-07-20,1.2684557328464574
1297,2023-07-21,0.0
1298,2023-07-22,0.0
1299,2023-07-23,0.0
1300,2023-07-24,0.0
1301,2023-07-25,7.724995253586608
1302,2023-07-26,0.0
1303,2023-07-27,7.506552811400885
1304,2023-07-28,0.0
1305,2023-07-29,0.0
1306,2023-07-30,0.11832655417999888
1307,2023-07-31,0.0
1308,2023-08-01,0.0
1309,2023-08-02,0.0
1310,2023-08-03,0.0
1311,2023-08-04,0.0
1312,2023-08-05,0.0
1313,2023-08-06,0.0
1314,2023-08-07,21.3110972555891
1315,2023-08-08,0.4558449910941027
1316,2023-08-09,0.0
1317,2023-08-10,0.0
1318,2023-08-11,0.0
1319,2023-08-12,0.0
1320,2023-08-13,0.0
1321,2023-08-14,21.650917887059794
1322,2023-08-15,0.0
1323,2023-08-16,14.895265188855817
1324,2023-08-17,49.79656526035972
1325,2023-08-18,0.0
1326,2023-08-19,0.0
1327,2023-08-20,0.0
1328,2023-08-21,4.824805101117665
1329,2023-08-22,22.850002212754042
1330,2023-08-23,39.84283989188006
1331,2023-08-24,0.0
1332,2023-08-25,0.0
1333,2023-08-26,9.807952828475457
1334,2023-08-27,0.765284256256999
1335,2023-08-28,0.0
1336,2023-08-29,0.0
1337,2023-08-30,0.0
1338,2023-08-31,7.505654519083269
1339,2023-09-01,0.0
1340,2023-09-02,10.08097419710066
1341,2023-09-03,0.0
1342,2023-09-04,0.0
1343,2023-09-05,0.0
1344,2023-09-06,0.0
1345,2023-09-07,0.0
1346,2023-09-08,0.0
1347,2023-09-09,0.0
1348,2023-09-10,7.182888521835982
1349,2023-09-11,20.559963030416863
1350,2023-09-12,0.0
1351,2023-09-13,0.0
1352,2023-09-14,2.4930077926658707
1353,2023-09-15,0.18301267602373728
1354,2023-09-16,0.0
1355,2023-09-17,0.0
1356,2023-09-18,0.0
1357,2023-09-19,0.0
1358,2023-09-20,5.882614176644697
1359,2023-09-21,15.787739694163346
1360,2023-09-22,11.73944406172133
1361,2023-09-23,0.0
1362,2023-09-24,0.0
1363,2023-09-25,0.0
1364,2023-09-26,0.0
1365,2023-09-27,0.0
1366,2023-09-28,0.0
1367,2023-09-29,0.0
1368,2023-09-30,0.0
1369,2023-10-01,0.0
1370,2023-10-02,0.0
1371,2023-10-03,0.0
1372,2023-10-04,0.0
1373,2023-10-05,0.0
1374,2023-10-06,0.0
1375,2023-10-07,0.0
1376,2023-10-08,41.682924490211775
1377,2023-10-09,0.0
1378,2023-10-10,0.0
1379,2023-10-11,0.0
1380,2023-10-12,0.0
1381,2023-10-13,0.0
1382,2023-10-14,0.0
1383,2023-10-15,0.0
1384,2023-10-16,0.0
1385,2023-10-17,0.0
1386,2023-10-18,0.0
1387,2023-10-19,0.0
1388,2023-10-20,0.0
1389,2023-10-21,0.0
1390,2023-10-22,0.0
1391,2023-10-23,0.0
1392,2023-10-24,0.0
1393,2023-10-25,0.0
1394,2023-10-26,0.0
1395,2023-10-27,0.0
1396,2023-10-28,0.0
1397,2023-10-29,0.0
1398,2023-10-30,0.0
1399,2023-10-31,0.0
1400,2023-11-01,0.0
1401,2023-11-02,0.0
1402,2023-11-03,0.0
1403,2023-11-04,0.0
1404,2023-11-05,0.5696190679046425
1405,2023-11-06,20.88067647332621
1406,2023-11-07,0.0
1407,2023-11-08,0.6967488992833123
1408,2023-11-09,6.090197408531195
1409,2023-11-10,12.675703376643725
1410,2023-11-11,2.2796658475745253
1411,2023-11-12,0.0
1412,2023-11-13,0.0
1413,2023-11-14,0.0
1414,2023-11-15,0.0
1415,2023-11-16,4.546835008826446
1416,2023-11-17,0.0
1417,2023-11-18,0.0
1418,2023-11-19,0.0
1419,2023-11-20,0.0
1420,2023-11-21,0.0
1421,2023-11-22,0.0
1422,2023-11-23,0.0
1423,2023-11-24,0.0
1424,2023-11-25,0.0
1425,2023-11-26,0.0
1426,2023-11-27,0.0
1427,2023-11-28,0.0
1428,2023-11-29,0.0
1429,2023-11-30,0.0
1430,2023-12-01,0.0
1431,2023-12-02,0.0
1432,2023-12-03,0.0
1433,2023-12-04,1.857198954166731
1434,2023-12-05,14.541715836507022
1435,2023-12-06,4.336640416813399
1436,2023-12-07,0.0
1437,2023-12-08,0.0
1438,2023-12-09,0.0
1439,2023-12-10,3.453720567457831
1440,2023-12-11,3.7271074028818836
1441,2023-12-12,0.0
1442,2023-12-13,0.0
1443,2023-12-14,0.0
1444,2023-12-15,0.0
1445,2023-12-16,1.6540973604487872
1446,2023-12-17,0.0
1447,2023-12-18,0.0
1448,2023-12-19,1.3897112544270007
1449,2023-12-20,0.0
1450,2023-12-21,0.0
1451,2023-12-22,0.0
1452,2023-12-23,0.0
1453,2023-12-24,0.0
1454,2023-12-25,0.0
1455,2023-12-26,0.0
1456,2023-12-27,0.0
1457,2023-12-28,0.0
1458,2023-12-29,0.0
1459,2023-12-30,2.223204747997252
1460,2023-12-31,0.0
1461,2024-01-01,0.0
1462,2024-01-02,0.0
1463,2024-01-03,4.385773562236869
1464,2024-01-04,0.0
1465,2024-01-05,0.0
1466,2024-01-06,0.0
1467,2024-01-07,0.0
1468,2024-01-08,0.0
1469,2024-01-09,0.0
1470,2024-01-10,0.0
1471,2024-01-11,0.0
1472,2024-01-12,0.0
1473,2024-01-13,0.0
1474,2024-01-14,0.0
1475,2024-01-15,0.0
1476,2024-01-16,0.0
1477,2024-01-17,0.0
1478,2024-01-18,1.663227173150079
1479,2024-01-19,0.0
1480,2024-01-20,13.555749941625658
1481,2024-01-21,0.0
1482,2024-01-22,0.0
1483,2024-01-23,0.0
1484,2024-01-24,0.0
1485,2024-01-25,0.0
1486,2024-01-26,0.0
1487,2024-01-27,0.0
1488,2024-01-28,0.0
1489,2024-01-29,0.0
1490,2024-01-30,0.0
1491,2024-01-31,4.650790616746591
1492,2024-02-01,0.0
1493,2024-02-02,0.0
1494,2024-02-03,0.0
1495,2024-02-04,12.84985562820377
1496,2024-02-05,12.84985562820377
1497,2024-02-06,0.0
1498,2024-02-07,0.0
1499,2024-02-08,0.0
1500,2024-02-09,0.0
1501,2024-02-10,0.0
1502,2024-02-11,0.0
1503,2024-02-12,0.0
1504,2024-02-13,0.0
1505,2024-02-14,0.0
1506,2024-02-15,0.0
1507,2024-02-16,0.0
1508,2024-02-17,0.0
1509,2024-02-18,0.0
1510,2024-02-19,7.798740497830221
1511,2024-02-20,0.0
1512,2024-02-21,10.825269382999211
1513,2024-02-22,8.93092249604075
1514,2024-02-23,16.428958792359957
1515,2024-02-24,1.123886288871794
1516,2024-02-25,0.0
1517,2024-02-26,0.0
1518,2024-02-27,0.0
1519,2024-02-28,0.0
1520,2024-02-29,10.514519176239174
1521,2024-03-01,0.0
1522,2024-03-02,0.0
1523,2024-03-03,0.0
1524,2024-03-04,6.81574564181027
1525,2024-03-05,7.713997957489381
1526,2024-03-06,0.0
1527,2024-03-07,0.0
1528,2024-03-08,0.0
1529,2024-03-09,0.0
1530,2024-03-10,0.0
1531,2024-03-11,21.521856668212525
1532,2024-03-12,7.716954915482267
1533,2024-03-13,0.0
1534,2024-03-14,0.0
1535,2024-03-15,0.0
1536,2024-03-16,0.0
1537,2024-03-17,0.0
1538,2024-03-18,0.0
1539,2024-03-19,0.0
1540,2024-03-20,0.0
1541,2024-03-21,0.0
1542,2024-03-22,0.0
1543,2024-03-23,10.353776834888327
1544,2024-03-24,16.31405438652067
1545,2024-03-25,6.685862552321342
1546,2024-03-26,0.0
1547,2024-03-27,0.0
1548,2024-03-28,24.08651478798251
1549,2024-03-29,0.5213786714322769
1550,2024-03-30,0.0
1551,2024-03-31,19.070778439868384
1552,2024-04-01,0.0
1553,2024-04-02,32.2725358450655
1554,2024-04-03,2.4803807730061207
1555,2024-04-04,0.0
1556,2024-04-05,4.653029408824453
1557,2024-04-06,8.965262669203783
1558,2024-04-07,0.0
1559,2024-04-08,27.57691431153171
1560,2024-04-09,0.0
1561,2024-04-10,0.9199481132426953
1562,2024-04-11,0.040075359483402954
1563,2024-04-12,0.000737985248106831
1564,2024-04-13,0.030368461539202203
1565,2024-04-14,0.003283164319228395
1566,2024-04-15,4.704050585055728
1567,2024-04-16,0.0
1568,2024-04-17,1.0814760420177107
1569,2024-04-18,0.0
1570,2024-04-19,0.0
1571,2024-04-20,0.5504929608559591
1572,2024-04-21,0.47706005966152076
1573,2024-04-22,6.5671416066301065
1574,2024-04-23,0.8883399252966886
1575,2024-04-24,0.0
1576,2024-04-25,0.0
1577,2024-04-26,7.1544057058157815
1578,2024-04-27,3.315402951251303
1579,2024-04-28,2.1246716972577833
1580,2024-04-29,2.7754917596855764
1581,2024-04-30,0.0
1582,2024-05-01,0.0
1583,2024-05-02,0.0
1584,2024-05-03,0.0
1585,2024-05-04,0.0
1586,2024-05-05,3.3695461916869704
1587,2024-05-06,14.57464828017603
1588,2024-05-07,5.72639901338438
1589,2024-05-08,0.0
1590,2024-05-09,0.0
1591,2024-05-10,0.0
1592,2024-05-11,3.975313197588723
1593,2024-05-12,25.383183551785464
1594,2024-05-13,3.975313197588723
1595,2024-05-14,0.0
1596,2024-05-15,0.0
1597,2024-05-16,0.004987525839247409
1598,2024-05-17,1.2644569109154079e-06
1599,2024-05-18,0.6811631575753763
1600,2024-05-19,10.951226223672217
1601,2024-05-20,0.0051771655059969675
1602,2024-05-21,0.0
1603,2024-05-22,5.048860054432315
1604,2024-05-23,1.8140124190203488
1605,2024-05-24,0.4586656408439102
1606,2024-05-25,0.0
1607,2024-05-26,13.479063561484722
1608,2024-05-27,65.98178273668138
1609,2024-05-28,26.958127122969444
1610,2024-05-29,0.0
1611,2024-05-30,3.598549814130957
1612,2024-05-31,0.0
1613,2024-06-01,0.0
1614,2024-06-02,0.0
1615,2024-06-03,0.0
1616,2024-06-04,0.0
1617,2024-06-05,0.0
1618,2024-06-06,11.315258791789333
1619,2024-06-07,0.0
1620,2024-06-08,2.62186272652011
1621,2024-06-09,16.614447341815612
1622,2024-06-10,0.0
1623,2024-06-11,0.0
1624,2024-06-12,0.02050525908890279
1625,2024-06-13,0.002133821612094498
1626,2024-06-14,0.0
1627,2024-06-15,3.627554522141915
1628,2024-06-16,0.0
1629,2024-06-17,30.802620419171447
1630,2024-06-18,0.0
1631,2024-06-19,9.304329893300192
1632,2024-06-20,24.72015424345202
1633,2024-06-21,0.0
1634,2024-06-22,36.52201611624345
1635,2024-06-23,20.555035353603895
1636,2024-06-24,6.213448198690192
1637,2024-06-25,0.0
1638,2024-06-26,1.3484859647743679
1639,2024-06-27,17.349379088844547
1640,2024-06-28,11.469048386682145
1641,2024-06-29,10.064030970909972
1642,2024-06-30,12.462797314892862
1643,2024-07-01,32.32150875777567
1644,2024-07-02,2.819579258639621
1645,2024-07-03,0.0
1646,2024-07-04,0.0
1647,2024-07-05,0.0
1648,2024-07-06,0.0
1649,2024-07-07,0.0
1650,2024-07-08,0.0
1651,2024-07-09,0.0
1652,2024-07-10,13.25801849436993
1653,2024-07-11,56.40064382445463
1654,2024-07-12,0.0
1655,2024-07-13,2.7263920283837817
1656,2024-07-14,34.215646558636735
1657,2024-07-15,0.0
1658,2024-07-16,5.0768298523330975
1659,2024-07-17,0.0
1660,2024-07-18,0.0
1661,2024-07-19,0.2728806934112709
1662,2024-07-20,3.3521889719952305
1663,2024-07-21,0.0
1664,2024-07-22,0.0
1665,2024-07-23,0.0
1666,2024-07-24,0.0
1667,2024-07-25,6.430070604750589
1668,2024-07-26,0.0
1669,2024-07-27,0.0
1670,2024-07-28,0.0
1671,2024-07-29,0.0
1672,2024-07-30,0.0
1673,2024-07-31,0.0
1674,2024-08-01,0.0
1675,2024-08-02,0.0
1676,2024-08-03,0.0
1677,2024-08-04,0.0
1678,2024-08-05,3.4286231930045994
1679,2024-08-06,0.0
1680,2024-08-07,0.0
1681,2024-08-08,0.0
1682,2024-08-09,0.0
1683,2024-08-10,0.0
1684,2024-08-11,0.0
1685,2024-08-12,0.0
1686,2024-08-13,0.0
1687,2024-08-14,0.0
1688,2024-08-15,0.0
1689,2024-08-16,0.0
1690,2024-08-17,0.5036168209675831
1691,2024-08-18,10.190891846756545
1692,2024-08-19,18.757960150168298
1693,2024-08-20,0.0
1694,2024-08-21,0.4338512604984688
1695,2024-08-22,0.7130470524343716
1696,2024-08-23,0.45825968858799243
1697,2024-08-24,3.9674580482901987
1698,2024-08-25,3.0972815148358595
1699,2024-08-26,11.346302207562148
1700,2024-08-27,8.443830786117312
1701,2024-08-28,20.565410200683043
1702,2024-08-29,26.129396873456898
1703,2024-08-30,36.71687468018543
1704,2024-08-31,0.6906543085680948
1705,2024-09-01,0.0
1706,2024-09-02,0.0
1707,2024-09-03,0.0
1708,2024-09-04,0.0
1709,2024-09-05,0.0
1710,2024-09-06,0.0
1711,2024-09-07,0.0
1712,2024-09-08,0.0
1713,2024-09-09,0.0
1714,2024-09-10,0.0
1715,2024-09-11,0.1920873227426215
1716,2024-09-12,0.005347906683820059
1717,2024-09-13,0.1497960511323112
1718,2024-09-14,8.40361537854415
1719,2024-09-15,3.308849651980346
1720,2024-09-16,0.0
1721,2024-09-17,0.0
1722,2024-09-18,0.0
1723,2024-09-19,0.0
1724,2024-09-20,0.30788809845912174
1725,2024-09-21,40.13096777669822
1726,2024-09-22,0.0
1727,2024-09-23,0.0
1728,2024-09-24,0.0
1729,2024-09-25,0.0
1730,2024-09-26,0.0
1731,2024-09-27,0.0
1732,2024-09-28,0.400255740002818
1733,2024-09-29,0.0
1734,2024-09-30,0.0
1735,2024-10-01,0.009610543550294176
1736,2024-10-02,28.711796151326954
1737,2024-10-03,20.908192315973494
1738,2024-10-04,8.373385005287878
1739,2024-10-05,0.44105693506198856
1740,2024-10-06,4.099758992076728
1741,2024-10-07,0.0
1742,2024-10-08,0.0
1743,2024-10-09,0.0
1744,2024-10-10,0.0
1745,2024-10-11,0.0
1746,2024-10-12,0.0
1747,2024-10-13,0.0
1748,2024-10-14,0.0
1749,2024-10-15,1.60277061304533
1750,2024-10-16,4.154974355116385
1751,2024-10-17,8.168360783338008
1752,2024-10-18,0.0
1753,2024-10-19,21.40995190034153
1754,2024-10-20,0.0
1755,2024-10-21,0.0
1756,2024-10-22,6.0156660248589215
1757,2024-10-23,0.0
1758,2024-10-24,13.303683525642295
1759,2024-10-25,14.71173660408921
1760,2024-10-26,0.0
1761,2024-10-27,0.0
1762,2024-10-28,0.0
1763,2024-10-29,0.0
1764,2024-10-30,0.0
1765,2024-10-31,0.0
1766,2024-11-01,50.625965827385045
1767,2024-11-02,10.540134842544681
1768,2024-11-03,0.0
1769,2024-11-04,0.0
1770,2024-11-05,0.0
1771,2024-11-06,0.0
1772,2024-11-07,0.0
1773,2024-11-08,0.0
1774,2024-11-09,1.4395987609439187
1775,2024-11-10,3.4465643972091153
1776,2024-11-11,0.0
1777,2024-11-12,0.0
1778,2024-11-13,0.0
1779,2024-11-14,3.060409156965797
1780,2024-11-15,4.381737672807222
1781,2024-11-16,7.281650647263134
1782,2024-11-17,0.0
1783,2024-11-18,0.0
1784,2024-11-19,0.0
1785,2024-11-20,0.0
1786,2024-11-21,0.0
1787,2024-11-22,0.0
1788,2024-11-23,0.0
1789,2024-11-24,0.0
1790,2024-11-25,0.0
1791,2024-11-26,24.53521038913655
1792,2024-11-27,0.0
1793,2024-11-28,0.0
1794,2024-11-29,0.0
1795,2024-11-30,0.0
1796,2024-12-01,0.0
1797,2024-12-02,0.0
1798,2024-12-03,0.0
1799,2024-12-04,0.0
1800,2024-12-05,0.0
1801,2024-12-06,0.0
1802,2024-12-07,4.9709649889696985
1803,2024-12-08,0.0
1804,2024-12-09,0.0
1805,2024-12-10,0.0
1806,2024-12-11,0.0
1807,2024-12-12,0.0
1808,2024-12-13,0.0
1809,2024-12-14,0.0
1810,2024-12-15,0.0
1811,2024-12-16,0.0
1812,2024-12-17,0.0
1813,2024-12-18,0.5611923801172399
1814,2024-12-19,0.0
1815,2024-12-20,0.0
1816,2024-12-21,0.0
1817,2024-12-22,0.0
1818,2024-12-23,0.0
1819,2024-12-24,0.0
1820,2024-12-25,0.0
1821,2024-12-26,0.0
1822,2024-12-27,0.0
1823,2024-12-28,3.5399073964227314
1824,2024-12-29,0.0
1825,2024-12-30,0.0
1826,2024-12-31,0.0
