,hanjun_start,積算温度_1半旬前,積算温度_2半旬前,積算温度_3半旬前,積算温度_4半旬前,積算温度_5半旬前,積算温度_6半旬前,積算温度_7半旬前,積算温度_8半旬前,積算温度_9半旬前,積算温度_10半旬前,積算温度_11半旬前,積算温度_12半旬前
0,2020-04-01,86.5509771547043,75.53172954822331,66.30477024273792,70.67095200688154,72.11386772854243,63.454232010403146,64.22693664836237,57.66422922294232,36.176199378981394,54.40357087892105,47.46101594875755,45.1989066546685
1,2020-04-06,84.19631229687036,86.5509771547043,75.53172954822331,66.30477024273792,70.67095200688154,72.11386772854243,63.454232010403146,64.22693664836237,57.66422922294232,36.176199378981394,54.40357087892105,47.46101594875755
2,2020-04-11,68.90073742616792,84.19631229687036,86.5509771547043,75.53172954822331,66.30477024273792,70.67095200688154,72.11386772854243,63.454232010403146,64.22693664836237,57.66422922294232,36.176199378981394,54.40357087892105
3,2020-04-16,65.81113157103879,68.90073742616792,84.19631229687036,86.5509771547043,75.53172954822331,66.30477024273792,70.67095200688154,72.11386772854243,63.454232010403146,64.22693664836237,57.66422922294232,36.176199378981394
4,2020-04-21,85.81207084098979,65.81113157103879,68.90073742616792,84.19631229687036,86.5509771547043,75.53172954822331,66.30477024273792,70.67095200688154,72.11386772854243,63.454232010403146,64.22693664836237,57.66422922294232
5,2020-04-26,87.35414882369513,85.81207084098979,65.81113157103879,68.90073742616792,84.19631229687036,86.5509771547043,75.53172954822331,66.30477024273792,70.67095200688154,72.11386772854243,63.454232010403146,64.22693664836237
6,2020-05-01,81.29786885117161,87.35414882369513,85.81207084098979,65.81113157103879,68.90073742616792,84.19631229687036,86.5509771547043,75.53172954822331,66.30477024273792,70.67095200688154,72.11386772854243,63.454232010403146
7,2020-05-06,93.49340639490843,81.29786885117161,87.35414882369513,85.81207084098979,65.81113157103879,68.90073742616792,84.19631229687036,86.5509771547043,75.53172954822331,66.30477024273792,70.67095200688154,72.11386772854243
8,2020-05-11,97.66007761294061,93.49340639490843,81.29786885117161,87.35414882369513,85.81207084098979,65.81113157103879,68.90073742616792,84.19631229687036,86.5509771547043,75.53172954822331,66.30477024273792,70.67095200688154
9,2020-05-16,88.40789935187178,97.66007761294061,93.49340639490843,81.29786885117161,87.35414882369513,85.81207084098979,65.81113157103879,68.90073742616792,84.19631229687036,86.5509771547043,75.53172954822331,66.30477024273792
10,2020-05-21,88.74640603779302,88.40789935187178,97.66007761294061,93.49340639490843,81.29786885117161,87.35414882369513,85.81207084098979,65.81113157103879,68.90073742616792,84.19631229687036,86.5509771547043,75.53172954822331
11,2020-05-26,91.89044440340275,88.74640603779302,88.40789935187178,97.66007761294061,93.49340639490843,81.29786885117161,87.35414882369513,85.81207084098979,65.81113157103879,68.90073742616792,84.19631229687036,86.5509771547043
12,2020-06-01,72.54686321948076,89.92596170346258,90.48459592840825,88.12405212717601,96.35051144732834,95.51628464053928,82.83861134277493,77.31107493185301,89.83166904371312,67.33626855905301,68.56369059258668,85.4248479215958
13,2020-06-06,81.18672048021905,72.54686321948076,89.92596170346258,90.48459592840825,88.12405212717601,96.35051144732834,95.51628464053928,82.83861134277493,77.31107493185301,89.83166904371312,67.33626855905301,68.56369059258668
14,2020-06-11,85.7603203770274,81.18672048021905,72.54686321948076,89.92596170346258,90.48459592840825,88.12405212717601,96.35051144732834,95.51628464053928,82.83861134277493,77.31107493185301,89.83166904371312,67.33626855905301
15,2020-06-16,92.01504147201184,85.7603203770274,81.18672048021905,72.54686321948076,89.92596170346258,90.48459592840825,88.12405212717601,96.35051144732834,95.51628464053928,82.83861134277493,77.31107493185301,89.83166904371312
16,2020-06-21,84.64901287921921,92.01504147201184,85.7603203770274,81.18672048021905,72.54686321948076,89.92596170346258,90.48459592840825,88.12405212717601,96.35051144732834,95.51628464053928,82.83861134277493,77.31107493185301
17,2020-06-26,85.27086737288509,84.64901287921921,92.01504147201184,85.7603203770274,81.18672048021905,72.54686321948076,89.92596170346258,90.48459592840825,88.12405212717601,96.35051144732834,95.51628464053928,82.83861134277493
18,2020-07-01,84.4062412242776,85.27086737288509,84.64901287921921,92.01504147201184,85.7603203770274,81.18672048021905,72.54686321948076,89.92596170346258,90.48459592840825,88.12405212717601,96.35051144732834,95.51628464053928
19,2020-07-06,74.12039510642305,84.4062412242776,85.27086737288509,84.64901287921921,92.01504147201184,85.7603203770274,81.18672048021905,72.54686321948076,89.92596170346258,90.48459592840825,88.12405212717601,96.35051144732834
20,2020-07-11,88.35635787209168,74.12039510642305,84.4062412242776,85.27086737288509,84.64901287921921,92.01504147201184,85.7603203770274,81.18672048021905,72.54686321948076,89.92596170346258,90.48459592840825,88.12405212717601
21,2020-07-16,88.45093197495443,88.35635787209168,74.12039510642305,84.4062412242776,85.27086737288509,84.64901287921921,92.01504147201184,85.7603203770274,81.18672048021905,72.54686321948076,89.92596170346258,90.48459592840825
22,2020-07-21,83.261120842416,88.45093197495443,88.35635787209168,74.12039510642305,84.4062412242776,85.27086737288509,84.64901287921921,92.01504147201184,85.7603203770274,81.18672048021905,72.54686321948076,89.92596170346258
23,2020-07-26,85.57527982399995,83.261120842416,88.45093197495443,88.35635787209168,74.12039510642305,84.4062412242776,85.27086737288509,84.64901287921921,92.01504147201184,85.7603203770274,81.18672048021905,72.54686321948076
24,2020-08-01,81.62904415584015,85.86450328741256,87.79619192262965,87.6827175852467,83.93008332531424,82.53687110933716,86.07679609152531,85.47631304478736,85.07272978673934,91.20733000384192,86.04145479467262,82.4556179285393
25,2020-08-06,80.31832329397577,81.62904415584015,85.86450328741256,87.79619192262965,87.6827175852467,83.93008332531424,82.53687110933716,86.07679609152531,85.47631304478736,85.07272978673934,91.20733000384192,86.04145479467262
26,2020-08-11,72.72898447617551,80.31832329397577,81.62904415584015,85.86450328741256,87.79619192262965,87.6827175852467,83.93008332531424,82.53687110933716,86.07679609152531,85.47631304478736,85.07272978673934,91.20733000384192
27,2020-08-16,79.21928593715155,72.72898447617551,80.31832329397577,81.62904415584015,85.86450328741256,87.79619192262965,87.6827175852467,83.93008332531424,82.53687110933716,86.07679609152531,85.47631304478736,85.07272978673934
28,2020-08-21,79.88480151077961,79.21928593715155,72.72898447617551,80.31832329397577,81.62904415584015,85.86450328741256,87.79619192262965,87.6827175852467,83.93008332531424,82.53687110933716,86.07679609152531,85.47631304478736
29,2020-08-26,80.4875135662623,79.88480151077961,79.21928593715155,72.72898447617551,80.31832329397577,81.62904415584015,85.86450328741256,87.79619192262965,87.6827175852467,83.93008332531424,82.53687110933716,86.07679609152531
30,2020-09-01,84.31850459626385,80.77223416565839,76.13515298947408,80.28527989836925,75.0391247552411,80.15977422504076,82.00169867205724,83.7715010687703,87.03868420378096,87.9039412380512,89.43493471616998,82.44966012564878
31,2020-09-06,81.97546769673173,84.31850459626385,80.77223416565839,76.13515298947408,80.28527989836925,75.0391247552411,80.15977422504076,82.00169867205724,83.7715010687703,87.03868420378096,87.9039412380512,89.43493471616998
32,2020-09-11,71.0967575941118,81.97546769673173,84.31850459626385,80.77223416565839,76.13515298947408,80.28527989836925,75.0391247552411,80.15977422504076,82.00169867205724,83.7715010687703,87.03868420378096,87.9039412380512
33,2020-09-16,71.27590697864922,71.0967575941118,81.97546769673173,84.31850459626385,80.77223416565839,76.13515298947408,80.28527989836925,75.0391247552411,80.15977422504076,82.00169867205724,83.7715010687703,87.03868420378096
34,2020-09-21,53.412856879125385,71.27590697864922,71.0967575941118,81.97546769673173,84.31850459626385,80.77223416565839,76.13515298947408,80.28527989836925,75.0391247552411,80.15977422504076,82.00169867205724,83.7715010687703
35,2020-09-26,62.71208968575128,53.412856879125385,71.27590697864922,71.0967575941118,81.97546769673173,84.31850459626385,80.77223416565839,76.13515298947408,80.28527989836925,75.0391247552411,80.15977422504076,82.00169867205724
36,2020-10-01,61.62115385779465,62.71208968575128,53.412856879125385,71.27590697864922,71.0967575941118,81.97546769673173,84.31850459626385,80.77223416565839,76.13515298947408,80.28527989836925,75.0391247552411,80.15977422504076
37,2020-10-06,62.50594141580991,61.62115385779465,62.71208968575128,53.412856879125385,71.27590697864922,71.0967575941118,81.97546769673173,84.31850459626385,80.77223416565839,76.13515298947408,80.28527989836925,75.0391247552411
38,2020-10-11,55.965689909845686,62.50594141580991,61.62115385779465,62.71208968575128,53.412856879125385,71.27590697864922,71.0967575941118,81.97546769673173,84.31850459626385,80.77223416565839,76.13515298947408,80.28527989836925
39,2020-10-16,59.389890996685494,55.965689909845686,62.50594141580991,61.62115385779465,62.71208968575128,53.412856879125385,71.27590697864922,71.0967575941118,81.97546769673173,84.31850459626385,80.77223416565839,76.13515298947408
40,2020-10-21,43.42245291795623,59.389890996685494,55.965689909845686,62.50594141580991,61.62115385779465,62.71208968575128,53.412856879125385,71.27590697864922,71.0967575941118,81.97546769673173,84.31850459626385,80.77223416565839
41,2020-10-26,47.16049829840746,43.42245291795623,59.389890996685494,55.965689909845686,62.50594141580991,61.62115385779465,62.71208968575128,53.412856879125385,71.27590697864922,71.0967575941118,81.97546769673173,84.31850459626385
42,2020-11-01,51.73973862666555,48.61279693166137,48.102922062742614,60.417274452045824,56.52146414211945,62.561773707512906,60.55507848419326,68.30792140291695,52.48035303721753,71.58485175572035,69.04843576192901,80.83534930974551
43,2020-11-06,50.77383603422411,51.73973862666555,48.61279693166137,48.102922062742614,60.417274452045824,56.52146414211945,62.561773707512906,60.55507848419326,68.30792140291695,52.48035303721753,71.58485175572035,69.04843576192901
44,2020-11-11,48.93420109231327,50.77383603422411,51.73973862666555,48.61279693166137,48.102922062742614,60.417274452045824,56.52146414211945,62.561773707512906,60.55507848419326,68.30792140291695,52.48035303721753,71.58485175572035
45,2020-11-16,51.07972132094889,48.93420109231327,50.77383603422411,51.73973862666555,48.61279693166137,48.102922062742614,60.417274452045824,56.52146414211945,62.561773707512906,60.55507848419326,68.30792140291695,52.48035303721753
46,2020-11-21,59.343641547542155,51.07972132094889,48.93420109231327,50.77383603422411,51.73973862666555,48.61279693166137,48.102922062742614,60.417274452045824,56.52146414211945,62.561773707512906,60.55507848419326,68.30792140291695
47,2020-11-26,57.73220769935743,59.343641547542155,51.07972132094889,48.93420109231327,50.77383603422411,51.73973862666555,48.61279693166137,48.102922062742614,60.417274452045824,56.52146414211945,62.561773707512906,60.55507848419326
48,2021-04-01,78.06256229054107,62.9884346675189,81.04505239368447,68.7520584868544,68.04322946825519,58.18296975671641,71.43325659142762,58.437033542942096,49.406758800243885,41.78546238952391,52.303492556406255,46.80300111860439
49,2021-04-06,82.89626929895817,78.06256229054107,62.9884346675189,81.04505239368447,68.7520584868544,68.04322946825519,58.18296975671641,71.43325659142762,58.437033542942096,49.406758800243885,41.78546238952391,52.303492556406255
50,2021-04-11,77.45267298692966,82.89626929895817,78.06256229054107,62.9884346675189,81.04505239368447,68.7520584868544,68.04322946825519,58.18296975671641,71.43325659142762,58.437033542942096,49.406758800243885,41.78546238952391
51,2021-04-16,78.52423101790706,77.45267298692966,82.89626929895817,78.06256229054107,62.9884346675189,81.04505239368447,68.7520584868544,68.04322946825519,58.18296975671641,71.43325659142762,58.437033542942096,49.406758800243885
52,2021-04-21,83.54808476911218,78.52423101790706,77.45267298692966,82.89626929895817,78.06256229054107,62.9884346675189,81.04505239368447,68.7520584868544,68.04322946825519,58.18296975671641,71.43325659142762,58.437033542942096
53,2021-04-26,86.25287760692966,83.54808476911218,78.52423101790706,77.45267298692966,82.89626929895817,78.06256229054107,62.9884346675189,81.04505239368447,68.7520584868544,68.04322946825519,58.18296975671641,71.43325659142762
54,2021-05-01,69.50320592523445,86.25287760692966,83.54808476911218,78.52423101790706,77.45267298692966,82.89626929895817,78.06256229054107,62.9884346675189,81.04505239368447,68.7520584868544,68.04322946825519,58.18296975671641
55,2021-05-06,85.09907184448467,69.50320592523445,86.25287760692966,83.54808476911218,78.52423101790706,77.45267298692966,82.89626929895817,78.06256229054107,62.9884346675189,81.04505239368447,68.7520584868544,68.04322946825519
56,2021-05-11,83.49268704751289,85.09907184448467,69.50320592523445,86.25287760692966,83.54808476911218,78.52423101790706,77.45267298692966,82.89626929895817,78.06256229054107,62.9884346675189,81.04505239368447,68.7520584868544
57,2021-05-16,89.8627851538416,83.49268704751289,85.09907184448467,69.50320592523445,86.25287760692966,83.54808476911218,78.52423101790706,77.45267298692966,82.89626929895817,78.06256229054107,62.9884346675189,81.04505239368447
58,2021-05-21,89.46081781169056,89.8627851538416,83.49268704751289,85.09907184448467,69.50320592523445,86.25287760692966,83.54808476911218,78.52423101790706,77.45267298692966,82.89626929895817,78.06256229054107,62.9884346675189
59,2021-05-26,94.43247888285755,89.46081781169056,89.8627851538416,83.49268704751289,85.09907184448467,69.50320592523445,86.25287760692966,83.54808476911218,78.52423101790706,77.45267298692966,82.89626929895817,78.06256229054107
60,2021-06-01,88.59582710133989,95.72173751656983,89.39330835828778,89.34073804646766,86.1187826682776,82.53591293106301,75.02809821083535,87.12211145969191,81.02483226575667,80.18273920776743,76.24136787561089,87.81958124493451
61,2021-06-06,82.6715566540037,88.59582710133989,95.72173751656983,89.39330835828778,89.34073804646766,86.1187826682776,82.53591293106301,75.02809821083535,87.12211145969191,81.02483226575667,80.18273920776743,76.24136787561089
62,2021-06-11,86.10676593885417,82.6715566540037,88.59582710133989,95.72173751656983,89.39330835828778,89.34073804646766,86.1187826682776,82.53591293106301,75.02809821083535,87.12211145969191,81.02483226575667,80.18273920776743
63,2021-06-16,71.67684260695569,86.10676593885417,82.6715566540037,88.59582710133989,95.72173751656983,89.39330835828778,89.34073804646766,86.1187826682776,82.53591293106301,75.02809821083535,87.12211145969191,81.02483226575667
64,2021-06-21,87.18640603251747,71.67684260695569,86.10676593885417,82.6715566540037,88.59582710133989,95.72173751656983,89.39330835828778,89.34073804646766,86.1187826682776,82.53591293106301,75.02809821083535,87.12211145969191
65,2021-06-26,90.88756158201636,87.18640603251747,71.67684260695569,86.10676593885417,82.6715566540037,88.59582710133989,95.72173751656983,89.39330835828778,89.34073804646766,86.1187826682776,82.53591293106301,75.02809821083535
66,2021-07-01,83.18003976171131,90.88756158201636,87.18640603251747,71.67684260695569,86.10676593885417,82.6715566540037,88.59582710133989,95.72173751656983,89.39330835828778,89.34073804646766,86.1187826682776,82.53591293106301
67,2021-07-06,89.12589124457473,83.18003976171131,90.88756158201636,87.18640603251747,71.67684260695569,86.10676593885417,82.6715566540037,88.59582710133989,95.72173751656983,89.39330835828778,89.34073804646766,86.1187826682776
68,2021-07-11,79.02773525071527,89.12589124457473,83.18003976171131,90.88756158201636,87.18640603251747,71.67684260695569,86.10676593885417,82.6715566540037,88.59582710133989,95.72173751656983,89.39330835828778,89.34073804646766
69,2021-07-16,81.00484609815278,79.02773525071527,89.12589124457473,83.18003976171131,90.88756158201636,87.18640603251747,71.67684260695569,86.10676593885417,82.6715566540037,88.59582710133989,95.72173751656983,89.39330835828778
70,2021-07-21,76.51559560263463,81.00484609815278,79.02773525071527,89.12589124457473,83.18003976171131,90.88756158201636,87.18640603251747,71.67684260695569,86.10676593885417,82.6715566540037,88.59582710133989,95.72173751656983
71,2021-07-26,78.27508343640939,76.51559560263463,81.00484609815278,79.02773525071527,89.12589124457473,83.18003976171131,90.88756158201636,87.18640603251747,71.67684260695569,86.10676593885417,82.6715566540037,88.59582710133989
72,2021-08-01,86.61648295657203,77.18420331997494,70.36472382810508,81.27897178050043,79.3694605809692,90.17274933625436,88.60299132282572,81.24034649519949,87.59783499133052,76.07358420769768,82.65738472673016,87.97325223132314
73,2021-08-06,85.5389525611226,86.61648295657203,77.18420331997494,70.36472382810508,81.27897178050043,79.3694605809692,90.17274933625436,88.60299132282572,81.24034649519949,87.59783499133052,76.07358420769768,82.65738472673016
74,2021-08-11,80.89848466609422,85.5389525611226,86.61648295657203,77.18420331997494,70.36472382810508,81.27897178050043,79.3694605809692,90.17274933625436,88.60299132282572,81.24034649519949,87.59783499133052,76.07358420769768
75,2021-08-16,78.41380798516616,80.89848466609422,85.5389525611226,86.61648295657203,77.18420331997494,70.36472382810508,81.27897178050043,79.3694605809692,90.17274933625436,88.60299132282572,81.24034649519949,87.59783499133052
76,2021-08-21,77.86891980662926,78.41380798516616,80.89848466609422,85.5389525611226,86.61648295657203,77.18420331997494,70.36472382810508,81.27897178050043,79.3694605809692,90.17274933625436,88.60299132282572,81.24034649519949
77,2021-08-26,81.70651093257955,77.86891980662926,78.41380798516616,80.89848466609422,85.5389525611226,86.61648295657203,77.18420331997494,70.36472382810508,81.27897178050043,79.3694605809692,90.17274933625436,88.60299132282572
78,2021-09-01,78.00179469148188,80.92782598995014,78.98671816746686,80.88829318332104,84.20848511125904,84.36641769485506,86.02609985097945,81.67930478236205,75.07317968404615,83.04596748719338,76.42299616593768,84.75643315611838
79,2021-09-06,76.95071734489272,78.00179469148188,80.92782598995014,78.98671816746686,80.88829318332104,84.20848511125904,84.36641769485506,86.02609985097945,81.67930478236205,75.07317968404615,83.04596748719338,76.42299616593768
80,2021-09-11,78.04030921658962,76.95071734489272,78.00179469148188,80.92782598995014,78.98671816746686,80.88829318332104,84.20848511125904,84.36641769485506,86.02609985097945,81.67930478236205,75.07317968404615,83.04596748719338
81,2021-09-16,78.60585220537767,78.04030921658962,76.95071734489272,78.00179469148188,80.92782598995014,78.98671816746686,80.88829318332104,84.20848511125904,84.36641769485506,86.02609985097945,81.67930478236205,75.07317968404615
82,2021-09-21,74.74951062453952,78.60585220537767,78.04030921658962,76.95071734489272,78.00179469148188,80.92782598995014,78.98671816746686,80.88829318332104,84.20848511125904,84.36641769485506,86.02609985097945,81.67930478236205
83,2021-09-26,73.67227568497957,74.74951062453952,78.60585220537767,78.04030921658962,76.95071734489272,78.00179469148188,80.92782598995014,78.98671816746686,80.88829318332104,84.20848511125904,84.36641769485506,86.02609985097945
84,2021-10-01,77.55598098512066,73.67227568497957,74.74951062453952,78.60585220537767,78.04030921658962,76.95071734489272,78.00179469148188,80.92782598995014,78.98671816746686,80.88829318332104,84.20848511125904,84.36641769485506
85,2021-10-06,78.19472680998805,77.55598098512066,73.67227568497957,74.74951062453952,78.60585220537767,78.04030921658962,76.95071734489272,78.00179469148188,80.92782598995014,78.98671816746686,80.88829318332104,84.20848511125904
86,2021-10-11,73.24273901686033,78.19472680998805,77.55598098512066,73.67227568497957,74.74951062453952,78.60585220537767,78.04030921658962,76.95071734489272,78.00179469148188,80.92782598995014,78.98671816746686,80.88829318332104
87,2021-10-16,46.80960645923059,73.24273901686033,78.19472680998805,77.55598098512066,73.67227568497957,74.74951062453952,78.60585220537767,78.04030921658962,76.95071734489272,78.00179469148188,80.92782598995014,78.98671816746686
88,2021-10-21,56.86189599943028,46.80960645923059,73.24273901686033,78.19472680998805,77.55598098512066,73.67227568497957,74.74951062453952,78.60585220537767,78.04030921658962,76.95071734489272,78.00179469148188,80.92782598995014
89,2021-10-26,45.01596558064111,56.86189599943028,46.80960645923059,73.24273901686033,78.19472680998805,77.55598098512066,73.67227568497957,74.74951062453952,78.60585220537767,78.04030921658962,76.95071734489272,78.00179469148188
90,2021-11-01,54.1372752563504,46.10944289699573,57.40933211083715,44.694281600235186,63.805455217779944,77.91695072837207,77.56932215910288,76.60169707407532,74.26379928132462,74.44514085086887,78.93882730559105,78.5892368194121
91,2021-11-06,58.00343376881903,54.1372752563504,46.10944289699573,57.40933211083715,44.694281600235186,63.805455217779944,77.91695072837207,77.56932215910288,76.60169707407532,74.26379928132462,74.44514085086887,78.93882730559105
92,2021-11-11,38.28333960244371,58.00343376881903,54.1372752563504,46.10944289699573,57.40933211083715,44.694281600235186,63.805455217779944,77.91695072837207,77.56932215910288,76.60169707407532,74.26379928132462,74.44514085086887
93,2021-11-16,41.19983869502607,38.28333960244371,58.00343376881903,54.1372752563504,46.10944289699573,57.40933211083715,44.694281600235186,63.805455217779944,77.91695072837207,77.56932215910288,76.60169707407532,74.26379928132462
94,2021-11-21,44.66573677293719,41.19983869502607,38.28333960244371,58.00343376881903,54.1372752563504,46.10944289699573,57.40933211083715,44.694281600235186,63.805455217779944,77.91695072837207,77.56932215910288,76.60169707407532
95,2021-11-26,38.3618079366848,44.66573677293719,41.19983869502607,38.28333960244371,58.00343376881903,54.1372752563504,46.10944289699573,57.40933211083715,44.694281600235186,63.805455217779944,77.91695072837207,77.56932215910288
96,2022-04-01,54.917785487991154,71.56955287741219,69.20661895910739,73.19557328905218,60.72803588139069,59.26335527969882,44.250209713440185,28.79881933173077,42.590858705413915,36.48312265731413,44.31446978319545,36.6076690175057
97,2022-04-06,55.45951056584105,54.917785487991154,71.56955287741219,69.20661895910739,73.19557328905218,60.72803588139069,59.26335527969882,44.250209713440185,28.79881933173077,42.590858705413915,36.48312265731413,44.31446978319545
98,2022-04-11,69.90809821242756,55.45951056584105,54.917785487991154,71.56955287741219,69.20661895910739,73.19557328905218,60.72803588139069,59.26335527969882,44.250209713440185,28.79881933173077,42.590858705413915,36.48312265731413
99,2022-04-16,77.47226089684413,69.90809821242756,55.45951056584105,54.917785487991154,71.56955287741219,69.20661895910739,73.19557328905218,60.72803588139069,59.26335527969882,44.250209713440185,28.79881933173077,42.590858705413915
100,2022-04-21,59.35690411902176,77.47226089684413,69.90809821242756,55.45951056584105,54.917785487991154,71.56955287741219,69.20661895910739,73.19557328905218,60.72803588139069,59.26335527969882,44.250209713440185,28.79881933173077
101,2022-04-26,74.81814287234616,59.35690411902176,77.47226089684413,69.90809821242756,55.45951056584105,54.917785487991154,71.56955287741219,69.20661895910739,73.19557328905218,60.72803588139069,59.26335527969882,44.250209713440185
102,2022-05-01,81.87440025874349,74.81814287234616,59.35690411902176,77.47226089684413,69.90809821242756,55.45951056584105,54.917785487991154,71.56955287741219,69.20661895910739,73.19557328905218,60.72803588139069,59.26335527969882
103,2022-05-06,66.40843227407116,81.87440025874349,74.81814287234616,59.35690411902176,77.47226089684413,69.90809821242756,55.45951056584105,54.917785487991154,71.56955287741219,69.20661895910739,73.19557328905218,60.72803588139069
104,2022-05-11,72.95795955260023,66.40843227407116,81.87440025874349,74.81814287234616,59.35690411902176,77.47226089684413,69.90809821242756,55.45951056584105,54.917785487991154,71.56955287741219,69.20661895910739,73.19557328905218
105,2022-05-16,78.8494510922873,72.95795955260023,66.40843227407116,81.87440025874349,74.81814287234616,59.35690411902176,77.47226089684413,69.90809821242756,55.45951056584105,54.917785487991154,71.56955287741219,69.20661895910739
106,2022-05-21,56.09652919438463,78.8494510922873,72.95795955260023,66.40843227407116,81.87440025874349,74.81814287234616,59.35690411902176,77.47226089684413,69.90809821242756,55.45951056584105,54.917785487991154,71.56955287741219
107,2022-05-26,67.34186783354738,56.09652919438463,78.8494510922873,72.95795955260023,66.40843227407116,81.87440025874349,74.81814287234616,59.35690411902176,77.47226089684413,69.90809821242756,55.45951056584105,54.917785487991154
108,2022-06-01,70.08178115511087,68.3739921759486,60.146410796444734,56.712410543767135,69.68077099327283,66.41164444015027,82.46956892693053,80.25014568511067,56.181859349374015,73.26415995905906,72.4838237194688,56.53066078810313
109,2022-06-06,73.31393240166042,70.08178115511087,68.3739921759486,60.146410796444734,56.712410543767135,69.68077099327283,66.41164444015027,82.46956892693053,80.25014568511067,56.181859349374015,73.26415995905906,72.4838237194688
110,2022-06-11,81.56792963909743,73.31393240166042,70.08178115511087,68.3739921759486,60.146410796444734,56.712410543767135,69.68077099327283,66.41164444015027,82.46956892693053,80.25014568511067,56.181859349374015,73.26415995905906
111,2022-06-16,72.5811881759049,81.56792963909743,73.31393240166042,70.08178115511087,68.3739921759486,60.146410796444734,56.712410543767135,69.68077099327283,66.41164444015027,82.46956892693053,80.25014568511067,56.181859349374015
112,2022-06-21,79.95503138405259,72.5811881759049,81.56792963909743,73.31393240166042,70.08178115511087,68.3739921759486,60.146410796444734,56.712410543767135,69.68077099327283,66.41164444015027,82.46956892693053,80.25014568511067
113,2022-06-26,82.85440982563362,79.95503138405259,72.5811881759049,81.56792963909743,73.31393240166042,70.08178115511087,68.3739921759486,60.146410796444734,56.712410543767135,69.68077099327283,66.41164444015027,82.46956892693053
114,2022-07-01,83.20942564034738,82.85440982563362,79.95503138405259,72.5811881759049,81.56792963909743,73.31393240166042,70.08178115511087,68.3739921759486,60.146410796444734,56.712410543767135,69.68077099327283,66.41164444015027
115,2022-07-06,73.07977746996872,83.20942564034738,82.85440982563362,79.95503138405259,72.5811881759049,81.56792963909743,73.31393240166042,70.08178115511087,68.3739921759486,60.146410796444734,56.712410543767135,69.68077099327283
116,2022-07-11,79.39437687123129,73.07977746996872,83.20942564034738,82.85440982563362,79.95503138405259,72.5811881759049,81.56792963909743,73.31393240166042,70.08178115511087,68.3739921759486,60.146410796444734,56.712410543767135
117,2022-07-16,80.69271815171153,79.39437687123129,73.07977746996872,83.20942564034738,82.85440982563362,79.95503138405259,72.5811881759049,81.56792963909743,73.31393240166042,70.08178115511087,68.3739921759486,60.146410796444734
118,2022-07-21,77.98315634810294,80.69271815171153,79.39437687123129,73.07977746996872,83.20942564034738,82.85440982563362,79.95503138405259,72.5811881759049,81.56792963909743,73.31393240166042,70.08178115511087,68.3739921759486
119,2022-07-26,83.71690726410644,77.98315634810294,80.69271815171153,79.39437687123129,73.07977746996872,83.20942564034738,82.85440982563362,79.95503138405259,72.5811881759049,81.56792963909743,73.31393240166042,70.08178115511087
120,2022-08-01,81.32364192052913,86.78943698628547,79.6580679465506,81.07800055030084,80.08723466974489,74.05039853216763,82.67530514707096,82.12462259808021,80.63184765127487,73.34876763071064,82.98166536665518,68.65319570078444
121,2022-08-06,86.6231460546683,81.32364192052913,86.78943698628547,79.6580679465506,81.07800055030084,80.08723466974489,74.05039853216763,82.67530514707096,82.12462259808021,80.63184765127487,73.34876763071064,82.98166536665518
122,2022-08-11,79.29263486492314,86.6231460546683,81.32364192052913,86.78943698628547,79.6580679465506,81.07800055030084,80.08723466974489,74.05039853216763,82.67530514707096,82.12462259808021,80.63184765127487,73.34876763071064
123,2022-08-16,83.10992882631002,79.29263486492314,86.6231460546683,81.32364192052913,86.78943698628547,79.6580679465506,81.07800055030084,80.08723466974489,74.05039853216763,82.67530514707096,82.12462259808021,80.63184765127487
124,2022-08-21,83.08671795415104,83.10992882631002,79.29263486492314,86.6231460546683,81.32364192052913,86.78943698628547,79.6580679465506,81.07800055030084,80.08723466974489,74.05039853216763,82.67530514707096,82.12462259808021
125,2022-08-26,85.20266059353702,83.08671795415104,83.10992882631002,79.29263486492314,86.6231460546683,81.32364192052913,86.78943698628547,79.6580679465506,81.07800055030084,80.08723466974489,74.05039853216763,82.67530514707096
126,2022-09-01,86.07805481214719,87.16984971924205,82.96107630096189,80.96628255502296,80.39320028748422,81.67625439339496,83.52249715646143,87.08685388104948,79.03863649427684,81.20751829521649,80.06350636456276,75.73969166550668
127,2022-09-06,81.13817380415679,86.07805481214719,87.16984971924205,82.96107630096189,80.96628255502296,80.39320028748422,81.67625439339496,83.52249715646143,87.08685388104948,79.03863649427684,81.20751829521649,80.06350636456276
128,2022-09-11,85.00309080968417,81.13817380415679,86.07805481214719,87.16984971924205,82.96107630096189,80.96628255502296,80.39320028748422,81.67625439339496,83.52249715646143,87.08685388104948,79.03863649427684,81.20751829521649
129,2022-09-16,79.38067529104606,85.00309080968417,81.13817380415679,86.07805481214719,87.16984971924205,82.96107630096189,80.96628255502296,80.39320028748422,81.67625439339496,83.52249715646143,87.08685388104948,79.03863649427684
130,2022-09-21,81.37152631299723,79.38067529104606,85.00309080968417,81.13817380415679,86.07805481214719,87.16984971924205,82.96107630096189,80.96628255502296,80.39320028748422,81.67625439339496,83.52249715646143,87.08685388104948
131,2022-09-26,75.9227083568987,81.37152631299723,79.38067529104606,85.00309080968417,81.13817380415679,86.07805481214719,87.16984971924205,82.96107630096189,80.96628255502296,80.39320028748422,81.67625439339496,83.52249715646143
132,2022-10-01,71.95228197539336,75.9227083568987,81.37152631299723,79.38067529104606,85.00309080968417,81.13817380415679,86.07805481214719,87.16984971924205,82.96107630096189,80.96628255502296,80.39320028748422,81.67625439339496
133,2022-10-06,76.51675618677237,71.95228197539336,75.9227083568987,81.37152631299723,79.38067529104606,85.00309080968417,81.13817380415679,86.07805481214719,87.16984971924205,82.96107630096189,80.96628255502296,80.39320028748422
134,2022-10-11,59.235756274547924,76.51675618677237,71.95228197539336,75.9227083568987,81.37152631299723,79.38067529104606,85.00309080968417,81.13817380415679,86.07805481214719,87.16984971924205,82.96107630096189,80.96628255502296
135,2022-10-16,62.66623050687654,59.235756274547924,76.51675618677237,71.95228197539336,75.9227083568987,81.37152631299723,79.38067529104606,85.00309080968417,81.13817380415679,86.07805481214719,87.16984971924205,82.96107630096189
136,2022-10-21,66.09670473920515,61.650273493155694,59.235756274547924,76.51675618677237,71.95228197539336,75.9227083568987,81.37152631299723,79.38067529104606,85.00309080968417,81.13817380415679,86.07805481214719,87.16984971924205
137,2022-10-26,69.52717897153377,64.06479071176346,61.650273493155694,59.235756274547924,76.51675618677237,71.95228197539336,75.9227083568987,81.37152631299723,79.38067529104606,85.00309080968417,81.13817380415679,86.07805481214719
138,2022-11-01,56.74583028720965,66.47930793037123,64.06479071176346,61.650273493155694,57.974730893659455,76.8838197850215,73.28119525873441,70.54890407239733,80.4859157114469,79.46556174903843,85.10888106141144,81.16623071150346
139,2022-11-06,52.45229056424813,56.74583028720965,66.47930793037123,64.06479071176346,60.809589905896715,57.974730893659455,76.8838197850215,73.28119525873441,70.54890407239733,80.4859157114469,79.46556174903843,85.10888106141144
140,2022-11-11,55.531456680061105,52.45229056424813,56.74583028720965,66.47930793037123,63.644448918133975,60.809589905896715,57.974730893659455,76.8838197850215,73.28119525873441,70.54890407239733,80.4859157114469,79.46556174903843
141,2022-11-16,63.1106872884033,55.531456680061105,52.45229056424813,56.74583028720965,66.47930793037123,63.644448918133975,60.809589905896715,57.974730893659455,76.8838197850215,73.28119525873441,70.54890407239733,80.4859157114469
142,2022-11-21,51.5843300625177,63.1106872884033,55.531456680061105,52.45229056424813,56.74583028720965,66.47930793037123,63.644448918133975,55.09651432545524,57.974730893659455,76.8838197850215,73.28119525873441,70.54890407239733
143,2022-11-26,48.89427569737957,51.5843300625177,63.1106872884033,55.531456680061105,52.45229056424813,56.74583028720965,66.47930793037123,52.21829775725102,46.94213199490139,57.974730893659455,76.8838197850215,73.28119525873441
144,2023-04-01,66.51487086507915,82.16425740168874,72.22280543500527,55.278588639131655,61.22561507343835,50.949636359310105,40.14285019088676,49.340081189046806,35.90953309614332,60.470427657534245,54.91702175699801,36.32117766251201
145,2023-04-06,79.64005719222831,66.51487086507915,82.16425740168874,72.22280543500527,55.278588639131655,61.22561507343835,50.949636359310105,40.14285019088676,49.340081189046806,35.90953309614332,60.470427657534245,54.91702175699801
146,2023-04-11,72.58126527384458,79.64005719222831,66.51487086507915,82.16425740168874,72.22280543500527,55.278588639131655,61.22561507343835,50.949636359310105,40.14285019088676,49.340081189046806,35.90953309614332,60.470427657534245
147,2023-04-16,83.28904168016267,72.58126527384458,79.64005719222831,66.51487086507915,82.16425740168874,72.22280543500527,55.278588639131655,61.22561507343835,50.949636359310105,40.14285019088676,49.340081189046806,35.90953309614332
148,2023-04-21,85.3755413554474,83.28904168016267,72.58126527384458,79.64005719222831,66.51487086507915,82.16425740168874,72.22280543500527,55.278588639131655,61.22561507343835,50.949636359310105,40.14285019088676,49.340081189046806
149,2023-04-26,89.01932099687122,85.3755413554474,83.28904168016267,72.58126527384458,79.64005719222831,66.51487086507915,82.16425740168874,72.22280543500527,55.278588639131655,61.22561507343835,50.949636359310105,40.14285019088676
150,2023-05-01,69.64161885234584,89.01932099687122,85.3755413554474,83.28904168016267,72.58126527384458,79.64005719222831,66.51487086507915,82.16425740168874,72.22280543500527,55.278588639131655,61.22561507343835,50.949636359310105
151,2023-05-06,90.4330948094884,69.64161885234584,89.01932099687122,85.3755413554474,83.28904168016267,72.58126527384458,79.64005719222831,66.51487086507915,82.16425740168874,72.22280543500527,55.278588639131655,61.22561507343835
152,2023-05-11,103.71979451969315,90.4330948094884,69.64161885234584,89.01932099687122,85.3755413554474,83.28904168016267,72.58126527384458,79.64005719222831,66.51487086507915,82.16425740168874,72.22280543500527,55.278588639131655
153,2023-05-16,67.99796239661595,103.71979451969315,90.4330948094884,69.64161885234584,89.01932099687122,85.3755413554474,83.28904168016267,72.58126527384458,79.64005719222831,66.51487086507915,82.16425740168874,72.22280543500527
154,2023-05-21,87.78680208414964,67.99796239661595,103.71979451969315,90.4330948094884,69.64161885234584,89.01932099687122,85.3755413554474,83.28904168016267,72.58126527384458,79.64005719222831,66.51487086507915,82.16425740168874
155,2023-05-26,89.92311563804871,87.78680208414964,67.99796239661595,103.71979451969315,90.4330948094884,69.64161885234584,89.01932099687122,85.3755413554474,83.28904168016267,72.58126527384458,79.64005719222831,66.51487086507915
156,2023-06-01,95.29398327226028,85.72598760190223,90.88127006437222,75.8526147309808,104.70453998526989,97.00497906621828,74.35502958072846,77.6638622548213,87.04646352788579,81.4277144007028,71.0809491940411,82.45947040035556
157,2023-06-06,92.72526278851073,95.29398327226028,85.72598760190223,90.88127006437222,75.8526147309808,104.70453998526989,97.00497906621828,74.35502958072846,77.6638622548213,87.04646352788579,81.4277144007028,71.0809491940411
158,2023-06-11,82.21255481141162,92.72526278851073,95.29398327226028,85.72598760190223,90.88127006437222,75.8526147309808,104.70453998526989,97.00497906621828,74.35502958072846,77.6638622548213,87.04646352788579,81.4277144007028
159,2023-06-16,91.50681808040761,82.21255481141162,92.72526278851073,95.29398327226028,85.72598760190223,90.88127006437222,75.8526147309808,104.70453998526989,97.00497906621828,74.35502958072846,77.6638622548213,87.04646352788579
160,2023-06-21,70.67292973703123,91.50681808040761,82.21255481141162,92.72526278851073,95.29398327226028,85.72598760190223,90.88127006437222,75.8526147309808,104.70453998526989,97.00497906621828,74.35502958072846,77.6638622548213
161,2023-06-26,71.40858326186962,70.67292973703123,91.50681808040761,82.21255481141162,92.72526278851073,95.29398327226028,85.72598760190223,90.88127006437222,75.8526147309808,104.70453998526989,97.00497906621828,74.35502958072846
162,2023-07-01,78.58984777811303,71.40858326186962,70.67292973703123,91.50681808040761,82.21255481141162,92.72526278851073,95.29398327226028,85.72598760190223,90.88127006437222,75.8526147309808,104.70453998526989,97.00497906621828
163,2023-07-06,77.38459617741592,78.58984777811303,71.40858326186962,70.67292973703123,91.50681808040761,82.21255481141162,92.72526278851073,95.29398327226028,85.72598760190223,90.88127006437222,75.8526147309808,104.70453998526989
164,2023-07-11,85.57497400577229,77.38459617741592,78.58984777811303,71.40858326186962,70.67292973703123,91.50681808040761,82.21255481141162,92.72526278851073,95.29398327226028,85.72598760190223,90.88127006437222,75.8526147309808
165,2023-07-16,86.60048678399926,85.57497400577229,77.38459617741592,78.58984777811303,71.40858326186962,70.67292973703123,91.50681808040761,82.21255481141162,92.72526278851073,95.29398327226028,85.72598760190223,90.88127006437222
166,2023-07-21,78.88934010919598,86.60048678399926,85.57497400577229,77.38459617741592,78.58984777811303,71.40858326186962,70.67292973703123,91.50681808040761,82.21255481141162,92.72526278851073,95.29398327226028,85.72598760190223
167,2023-07-26,78.78814741474612,78.88934010919598,86.60048678399926,85.57497400577229,77.38459617741592,78.58984777811303,71.40858326186962,70.67292973703123,91.50681808040761,82.21255481141162,92.72526278851073,95.29398327226028
168,2023-08-01,82.3047016025081,77.94402039058383,78.39977716365874,87.3883663855506,83.97054158598367,80.78993286444688,78.21349056282101,75.95458187033763,75.67249744573232,87.05748998125212,88.17877357686498,93.99756722361543
169,2023-08-06,79.10402929059052,82.3047016025081,77.94402039058383,78.39977716365874,87.3883663855506,83.97054158598367,80.78993286444688,78.21349056282101,75.95458187033763,75.67249744573232,87.05748998125212,88.17877357686498
170,2023-08-11,79.34847839650476,79.10402929059052,82.3047016025081,77.94402039058383,78.39977716365874,87.3883663855506,83.97054158598367,80.78993286444688,78.21349056282101,75.95458187033763,75.67249744573232,87.05748998125212
171,2023-08-16,73.84262742099511,79.34847839650476,79.10402929059052,82.3047016025081,77.94402039058383,78.39977716365874,87.3883663855506,83.97054158598367,80.78993286444688,78.21349056282101,75.95458187033763,75.67249744573232
172,2023-08-21,82.39092994846136,73.84262742099511,79.34847839650476,79.10402929059052,82.3047016025081,77.94402039058383,78.39977716365874,87.3883663855506,83.97054158598367,80.78993286444688,78.21349056282101,75.95458187033763
173,2023-08-26,80.87559752477227,82.39092994846136,73.84262742099511,79.34847839650476,79.10402929059052,82.3047016025081,77.94402039058383,78.39977716365874,87.3883663855506,83.97054158598367,80.78993286444688,78.21349056282101
174,2023-09-01,70.4011760126194,77.37665899000575,84.34728145464726,73.39233011740949,77.00928876597705,80.14568103220756,77.27389583442479,80.47334491697322,79.70025683292069,83.43942329979205,85.91735724157134,80.80394642725884
175,2023-09-06,73.8033751204069,70.4011760126194,77.37665899000575,84.34728145464726,73.39233011740949,77.00928876597705,80.14568103220756,77.27389583442479,80.47334491697322,79.70025683292069,83.43942329979205,85.91735724157134
176,2023-09-11,75.47974708980152,73.8033751204069,70.4011760126194,77.37665899000575,84.34728145464726,73.39233011740949,77.00928876597705,80.14568103220756,77.27389583442479,80.47334491697322,79.70025683292069,83.43942329979205
177,2023-09-16,61.71210766986285,75.47974708980152,73.8033751204069,70.4011760126194,77.37665899000575,84.34728145464726,73.39233011740949,77.00928876597705,80.14568103220756,77.27389583442479,80.47334491697322,79.70025683292069
178,2023-09-21,70.10765894681437,61.71210766986285,75.47974708980152,73.8033751204069,70.4011760126194,77.37665899000575,84.34728145464726,73.39233011740949,77.00928876597705,80.14568103220756,77.27389583442479,80.47334491697322
179,2023-09-26,70.1657643567542,70.10765894681437,61.71210766986285,75.47974708980152,73.8033751204069,70.4011760126194,77.37665899000575,84.34728145464726,73.39233011740949,77.00928876597705,80.14568103220756,77.27389583442479
180,2023-10-01,67.06791836406474,70.1657643567542,70.10765894681437,61.71210766986285,75.47974708980152,73.8033751204069,70.4011760126194,77.37665899000575,84.34728145464726,73.39233011740949,77.00928876597705,80.14568103220756
181,2023-10-06,66.78966984273063,67.06791836406474,70.1657643567542,70.10765894681437,61.71210766986285,75.47974708980152,73.8033751204069,70.4011760126194,77.37665899000575,84.34728145464726,73.39233011740949,77.00928876597705
182,2023-10-11,58.773261298979655,66.78966984273063,67.06791836406474,70.1657643567542,70.10765894681437,61.71210766986285,75.47974708980152,73.8033751204069,70.4011760126194,77.37665899000575,84.34728145464726,73.39233011740949
183,2023-10-16,55.81315045766237,58.773261298979655,66.78966984273063,67.06791836406474,70.1657643567542,70.10765894681437,61.71210766986285,75.47974708980152,73.8033751204069,70.4011760126194,77.37665899000575,84.34728145464726
184,2023-10-21,59.71730246856208,55.81315045766237,58.773261298979655,66.78966984273063,67.06791836406474,70.1657643567542,70.10765894681437,61.71210766986285,75.47974708980152,73.8033751204069,70.4011760126194,77.37665899000575
185,2023-10-26,56.325279017145725,59.71730246856208,55.81315045766237,58.773261298979655,66.78966984273063,67.06791836406474,70.1657643567542,70.10765894681437,61.71210766986285,75.47974708980152,73.8033751204069,70.4011760126194
186,2023-11-01,52.9383430179238,58.51510359201546,57.45318052613192,55.44353477094707,53.46137565549234,67.35260957177351,66.26023379146802,69.48383256251843,71.90758830584343,63.65010530240355,72.45069630360109,73.3897641054055
187,2023-11-06,58.74196235393794,52.9383430179238,58.51510359201546,57.45318052613192,55.44353477094707,53.46137565549234,67.35260957177351,66.26023379146802,69.48383256251843,71.90758830584343,63.65010530240355,72.45069630360109
188,2023-11-11,51.29357589442923,58.74196235393794,52.9383430179238,58.51510359201546,57.45318052613192,55.44353477094707,53.46137565549234,67.35260957177351,66.26023379146802,69.48383256251843,71.90758830584343,63.65010530240355
189,2023-11-16,49.55400639318446,51.29357589442923,58.74196235393794,52.9383430179238,58.51510359201546,57.45318052613192,55.44353477094707,53.46137565549234,67.35260957177351,66.26023379146802,69.48383256251843,71.90758830584343
190,2023-11-21,35.85991946164625,49.55400639318446,51.29357589442923,58.74196235393794,52.9383430179238,58.51510359201546,57.45318052613192,55.44353477094707,53.46137565549234,67.35260957177351,66.26023379146802,69.48383256251843
191,2023-11-26,42.34603809344887,35.85991946164625,49.55400639318446,51.29357589442923,58.74196235393794,52.9383430179238,58.51510359201546,57.45318052613192,55.44353477094707,53.46137565549234,67.35260957177351,66.26023379146802
192,2024-04-01,65.87302027596157,70.1256509269311,56.01290862604851,59.15931102086245,47.433372409420194,64.73609709115125,59.89847007529087,63.18555738911352,54.528756151579465,36.329386503423414,30.38362267222603,48.14796509007263
193,2024-04-06,84.90649867930196,65.87302027596157,70.1256509269311,56.01290862604851,59.15931102086245,47.433372409420194,64.73609709115125,59.89847007529087,63.18555738911352,54.528756151579465,36.329386503423414,30.38362267222603
194,2024-04-11,81.17164863681793,84.90649867930196,65.87302027596157,70.1256509269311,56.01290862604851,59.15931102086245,47.433372409420194,64.73609709115125,59.89847007529087,63.18555738911352,54.528756151579465,36.329386503423414
195,2024-04-16,86.07916424968089,81.17164863681793,84.90649867930196,65.87302027596157,70.1256509269311,56.01290862604851,59.15931102086245,47.433372409420194,64.73609709115125,59.89847007529087,63.18555738911352,54.528756151579465
196,2024-04-21,87.49112658588608,86.07916424968089,81.17164863681793,84.90649867930196,65.87302027596157,70.1256509269311,56.01290862604851,59.15931102086245,47.433372409420194,64.73609709115125,59.89847007529087,63.18555738911352
197,2024-04-26,82.34949015493085,87.49112658588608,86.07916424968089,81.17164863681793,84.90649867930196,65.87302027596157,70.1256509269311,56.01290862604851,59.15931102086245,47.433372409420194,64.73609709115125,59.89847007529087
198,2024-05-01,88.61478711597441,82.34949015493085,87.49112658588608,86.07916424968089,81.17164863681793,84.90649867930196,65.87302027596157,70.1256509269311,56.01290862604851,59.15931102086245,47.433372409420194,64.73609709115125
199,2024-05-06,77.64836249706347,88.61478711597441,82.34949015493085,87.49112658588608,86.07916424968089,81.17164863681793,84.90649867930196,65.87302027596157,70.1256509269311,56.01290862604851,59.15931102086245,47.433372409420194
200,2024-05-11,72.38009253593692,77.64836249706347,88.61478711597441,82.34949015493085,87.49112658588608,86.07916424968089,81.17164863681793,84.90649867930196,65.87302027596157,70.1256509269311,56.01290862604851,59.15931102086245
201,2024-05-16,75.65878559062259,72.38009253593692,77.64836249706347,88.61478711597441,82.34949015493085,87.49112658588608,86.07916424968089,81.17164863681793,84.90649867930196,65.87302027596157,70.1256509269311,56.01290862604851
202,2024-05-21,71.19583152553774,75.65878559062259,72.38009253593692,77.64836249706347,88.61478711597441,82.34949015493085,87.49112658588608,86.07916424968089,81.17164863681793,84.90649867930196,65.87302027596157,70.1256509269311
203,2024-05-26,76.62803551627236,71.19583152553774,75.65878559062259,72.38009253593692,77.64836249706347,88.61478711597441,82.34949015493085,87.49112658588608,86.07916424968089,81.17164863681793,84.90649867930196,65.87302027596157
204,2024-06-01,74.04022958388413,77.32201830476797,70.72108252880672,75.80977675970422,72.79838227773364,75.15727494110321,91.38247774981764,79.6820337681874,85.20578051752396,87.20723023607484,79.14239048512266,85.9734584881576
205,2024-06-06,69.85732165403755,74.04022958388413,77.32201830476797,70.72108252880672,75.80977675970422,72.79838227773364,75.15727494110321,91.38247774981764,79.6820337681874,85.20578051752396,87.20723023607484,79.14239048512266
206,2024-06-11,59.988066606522054,69.85732165403755,74.04022958388413,77.32201830476797,70.72108252880672,75.80977675970422,72.79838227773364,75.15727494110321,91.38247774981764,79.6820337681874,85.20578051752396,87.20723023607484
207,2024-06-16,80.94487799690515,59.988066606522054,69.85732165403755,74.04022958388413,77.32201830476797,70.72108252880672,75.80977675970422,72.79838227773364,75.15727494110321,91.38247774981764,79.6820337681874,85.20578051752396
208,2024-06-21,63.24430350307724,80.94487799690515,59.988066606522054,69.85732165403755,74.04022958388413,77.32201830476797,70.72108252880672,75.80977675970422,72.79838227773364,75.15727494110321,91.38247774981764,79.6820337681874
209,2024-06-26,63.703603545408725,63.24430350307724,80.94487799690515,59.988066606522054,69.85732165403755,74.04022958388413,77.32201830476797,70.72108252880672,75.80977675970422,72.79838227773364,75.15727494110321,91.38247774981764
210,2024-07-01,73.76758324824455,63.703603545408725,63.24430350307724,80.94487799690515,59.988066606522054,69.85732165403755,74.04022958388413,77.32201830476797,70.72108252880672,75.80977675970422,72.79838227773364,75.15727494110321
211,2024-07-06,71.45647736139225,73.76758324824455,63.703603545408725,63.24430350307724,80.94487799690515,59.988066606522054,69.85732165403755,74.04022958388413,77.32201830476797,70.72108252880672,75.80977675970422,72.79838227773364
212,2024-07-11,78.32445371818316,71.45647736139225,73.76758324824455,63.703603545408725,63.24430350307724,80.94487799690515,59.988066606522054,69.85732165403755,74.04022958388413,77.32201830476797,70.72108252880672,75.80977675970422
213,2024-07-16,74.9630661613715,78.32445371818316,71.45647736139225,73.76758324824455,63.703603545408725,63.24430350307724,80.94487799690515,59.988066606522054,69.85732165403755,74.04022958388413,77.32201830476797,70.72108252880672
214,2024-07-21,81.94091408131635,74.9630661613715,78.32445371818316,71.45647736139225,73.76758324824455,63.703603545408725,63.24430350307724,80.94487799690515,59.988066606522054,69.85732165403755,74.04022958388413,77.32201830476797
215,2024-07-26,78.48987427456092,81.94091408131635,74.9630661613715,78.32445371818316,71.45647736139225,73.76758324824455,63.703603545408725,63.24430350307724,80.94487799690515,59.988066606522054,69.85732165403755,74.04022958388413
216,2024-08-01,71.1119168874951,77.57662114624375,83.87403556427793,79.13864883140874,78.70188525527398,73.59512653377367,64.36830502799874,62.75887330442949,67.5564562058026,80.53593557819372,63.30884010803521,66.77544155383175
217,2024-08-06,79.24557302599528,71.1119168874951,77.57662114624375,83.87403556427793,79.13864883140874,78.70188525527398,73.59512653377367,64.36830502799874,62.75887330442949,67.5564562058026,80.53593557819372,63.30884010803521
218,2024-08-11,78.4692997570477,79.24557302599528,71.1119168874951,77.57662114624375,83.87403556427793,79.13864883140874,78.70188525527398,73.59512653377367,64.36830502799874,62.75887330442949,67.5564562058026,80.53593557819372
219,2024-08-16,72.9879723920772,78.4692997570477,79.24557302599528,71.1119168874951,77.57662114624375,83.87403556427793,79.13864883140874,78.70188525527398,73.59512653377367,64.36830502799874,62.75887330442949,67.5564562058026
220,2024-08-21,74.34245300870619,72.9879723920772,78.4692997570477,79.24557302599528,71.1119168874951,77.57662114624375,83.87403556427793,79.13864883140874,78.70188525527398,73.59512653377367,64.36830502799874,62.75887330442949
221,2024-08-26,78.01782993651902,74.34245300870619,72.9879723920772,78.4692997570477,79.24557302599528,71.1119168874951,77.57662114624375,83.87403556427793,79.13864883140874,78.70188525527398,73.59512653377367,64.36830502799874
222,2024-09-01,78.24092619017618,78.92336124726955,73.16010171108579,72.63269745975954,81.040236003562,75.99858435652553,72.88351819807208,78.76119034826877,79.86211167970794,78.94535225595038,79.60428086721534,72.98002313594475
223,2024-09-06,78.53541636274183,78.24092619017618,78.92336124726955,73.16010171108579,72.63269745975954,81.040236003562,75.99858435652553,72.88351819807208,78.76119034826877,79.86211167970794,78.94535225595038,79.60428086721534
224,2024-09-11,73.67558875940298,78.53541636274183,78.24092619017618,78.92336124726955,73.16010171108579,72.63269745975954,81.040236003562,75.99858435652553,72.88351819807208,78.76119034826877,79.86211167970794,78.94535225595038
225,2024-09-16,67.84141425350194,73.67558875940298,78.53541636274183,78.24092619017618,78.92336124726955,73.16010171108579,72.63269745975954,81.040236003562,75.99858435652553,72.88351819807208,78.76119034826877,79.86211167970794
226,2024-09-21,70.88258293272045,67.84141425350194,73.67558875940298,78.53541636274183,78.24092619017618,78.92336124726955,73.16010171108579,72.63269745975954,81.040236003562,75.99858435652553,72.88351819807208,78.76119034826877
227,2024-09-26,60.69376744282682,70.88258293272045,67.84141425350194,73.67558875940298,78.53541636274183,78.24092619017618,78.92336124726955,73.16010171108579,72.63269745975954,81.040236003562,75.99858435652553,72.88351819807208
228,2024-10-01,70.97206201683653,60.69376744282682,70.88258293272045,67.84141425350194,73.67558875940298,78.53541636274183,78.24092619017618,78.92336124726955,73.16010171108579,72.63269745975954,81.040236003562,75.99858435652553
229,2024-10-06,61.039678377728045,70.97206201683653,60.69376744282682,70.88258293272045,67.84141425350194,73.67558875940298,78.53541636274183,78.24092619017618,78.92336124726955,73.16010171108579,72.63269745975954,81.040236003562
230,2024-10-11,61.57457278091007,61.039678377728045,70.97206201683653,60.69376744282682,70.88258293272045,67.84141425350194,73.67558875940298,78.53541636274183,78.24092619017618,78.92336124726955,73.16010171108579,72.63269745975954
231,2024-10-16,62.525203798312845,61.57457278091007,61.039678377728045,70.97206201683653,60.69376744282682,70.88258293272045,67.84141425350194,73.67558875940298,78.53541636274183,78.24092619017618,78.92336124726955,73.16010171108579
232,2024-10-21,55.91913406597783,62.525203798312845,61.57457278091007,61.039678377728045,70.97206201683653,60.69376744282682,70.88258293272045,67.84141425350194,73.67558875940298,78.53541636274183,78.24092619017618,78.92336124726955
233,2024-10-26,49.615535004531225,55.91913406597783,62.525203798312845,61.57457278091007,61.039678377728045,70.97206201683653,60.69376744282682,70.88258293272045,67.84141425350194,73.67558875940298,78.53541636274183,78.24092619017618
234,2024-11-01,47.95272893263973,49.19287708107005,54.936875677008395,63.38617117759211,62.68607995026905,60.383914468152966,72.41143434752347,62.91910041885587,70.99359678842019,67.49284908114042,72.92348603213803,76.74943346228852
235,2024-11-06,48.70208857983466,47.95272893263973,49.19287708107005,54.936875677008395,63.38617117759211,62.68607995026905,60.383914468152966,72.41143434752347,62.91910041885587,70.99359678842019,67.49284908114042,72.92348603213803
236,2024-11-11,45.161966555579724,48.70208857983466,47.95272893263973,49.19287708107005,54.936875677008395,63.38617117759211,62.68607995026905,60.383914468152966,72.41143434752347,62.91910041885587,70.99359678842019,67.49284908114042
237,2024-11-16,53.456675740272416,45.161966555579724,48.70208857983466,47.95272893263973,49.19287708107005,54.936875677008395,63.38617117759211,62.68607995026905,60.383914468152966,72.41143434752347,62.91910041885587,70.99359678842019
238,2024-11-21,52.41058448850565,53.456675740272416,45.161966555579724,48.70208857983466,47.95272893263973,49.19287708107005,54.936875677008395,63.38617117759211,62.68607995026905,60.383914468152966,72.41143434752347,62.91910041885587
239,2024-11-26,40.29660330729755,52.41058448850565,53.456675740272416,45.161966555579724,48.70208857983466,47.95272893263973,49.19287708107005,54.936875677008395,63.38617117759211,62.68607995026905,60.383914468152966,72.41143434752347
