,date,ndvi,evi
0,2020-01-01,,
1,2020-01-02,,
2,2020-01-03,,
3,2020-01-04,,
4,2020-01-05,,
5,2020-01-06,,
6,2020-01-07,,
7,2020-01-08,,
8,2020-01-09,,
9,2020-01-10,,
10,2020-01-11,,
11,2020-01-12,,
12,2020-01-13,,
13,2020-01-14,,
14,2020-01-15,,
15,2020-01-16,,
16,2020-01-17,,
17,2020-01-18,,
18,2020-01-19,,
19,2020-01-20,,
20,2020-01-21,,
21,2020-01-22,,
22,2020-01-23,,
23,2020-01-24,,
24,2020-01-25,,
25,2020-01-26,,
26,2020-01-27,,
27,2020-01-28,,
28,2020-01-29,,
29,2020-01-30,,
30,2020-01-31,,
31,2020-02-01,,
32,2020-02-02,,
33,2020-02-03,,
34,2020-02-04,,
35,2020-02-05,,
36,2020-02-06,,
37,2020-02-07,,
38,2020-02-08,,
39,2020-02-09,,
40,2020-02-10,,
41,2020-02-11,,
42,2020-02-12,,
43,2020-02-13,,
44,2020-02-14,,
45,2020-02-15,,
46,2020-02-16,,
47,2020-02-17,,
48,2020-02-18,,
49,2020-02-19,,
50,2020-02-20,,
51,2020-02-21,,
52,2020-02-22,,
53,2020-02-23,,
54,2020-02-24,,
55,2020-02-25,,
56,2020-02-26,,
57,2020-02-27,,
58,2020-02-28,,
59,2020-02-29,,
60,2020-03-01,,
61,2020-03-02,,
62,2020-03-03,,
63,2020-03-04,,
64,2020-03-05,,
65,2020-03-06,,
66,2020-03-07,,
67,2020-03-08,,
68,2020-03-09,,
69,2020-03-10,,
70,2020-03-11,,
71,2020-03-12,,
72,2020-03-13,,
73,2020-03-14,,
74,2020-03-15,,
75,2020-03-16,,
76,2020-03-17,,
77,2020-03-18,,
78,2020-03-19,,
79,2020-03-20,,
80,2020-03-21,,
81,2020-03-22,,
82,2020-03-23,,
83,2020-03-24,,
84,2020-03-25,,
85,2020-03-26,,
86,2020-03-27,,
87,2020-03-28,,
88,2020-03-29,,
89,2020-03-30,,
90,2020-03-31,,
91,2020-04-01,,
92,2020-04-02,,
93,2020-04-03,,
94,2020-04-04,,
95,2020-04-05,,
96,2020-04-06,,
97,2020-04-07,,
98,2020-04-08,0.07056495,-0.122
99,2020-04-09,,
100,2020-04-10,0.49215338,1.160178
101,2020-04-11,,
102,2020-04-12,,
103,2020-04-13,,
104,2020-04-14,,
105,2020-04-15,0.5105194,1.1713475
106,2020-04-16,,
107,2020-04-17,0.13360181,58264.83
108,2020-04-18,,
109,2020-04-19,,
110,2020-04-20,,
111,2020-04-21,,
112,2020-04-22,,
113,2020-04-23,,
114,2020-04-24,,
115,2020-04-25,,
116,2020-04-26,0.55914736,1.2728627
117,2020-04-27,,
118,2020-04-28,,
119,2020-04-29,0.5568201,1.3901924
120,2020-04-30,,
121,2020-05-01,,
122,2020-05-02,,
123,2020-05-03,0.54837584,1.7945642
124,2020-05-04,,
125,2020-05-05,,
126,2020-05-06,0.55515754,1.7699766
127,2020-05-07,,
128,2020-05-08,,
129,2020-05-09,0.57364404,1.8064425
130,2020-05-10,0.649822,1.747042
131,2020-05-11,,
132,2020-05-12,,
133,2020-05-13,0.62295634,1.6278664
134,2020-05-14,,
135,2020-05-15,,
136,2020-05-16,0.64362323,1.635872
137,2020-05-17,,
138,2020-05-18,,
139,2020-05-19,,
140,2020-05-20,,
141,2020-05-21,,
142,2020-05-22,,
143,2020-05-23,,
144,2020-05-24,0.6648049,1.7367488
145,2020-05-25,,
146,2020-05-26,,
147,2020-05-27,,
148,2020-05-28,,
149,2020-05-29,,
150,2020-05-30,,
151,2020-05-31,,
152,2020-06-01,,
153,2020-06-02,,
154,2020-06-03,0.656979,1.6362282
155,2020-06-04,,
156,2020-06-05,,
157,2020-06-06,,
158,2020-06-07,,
159,2020-06-08,,
160,2020-06-09,,
161,2020-06-10,,
162,2020-06-11,,
163,2020-06-12,,
164,2020-06-13,0.6633228,1.7720742
165,2020-06-14,,
166,2020-06-15,,
167,2020-06-16,0.7143396,1.9856056
168,2020-06-17,,
169,2020-06-18,,
170,2020-06-19,0.7379271,1.9823487
171,2020-06-20,,
172,2020-06-21,,
173,2020-06-22,,
174,2020-06-23,,
175,2020-06-24,,
176,2020-06-25,,
177,2020-06-26,,
178,2020-06-27,0.6360311,1.6289043
179,2020-06-28,,
180,2020-06-29,0.68652266,1.8318214
181,2020-06-30,,
182,2020-07-01,,
183,2020-07-02,,
184,2020-07-03,,
185,2020-07-04,,
186,2020-07-05,,
187,2020-07-06,,
188,2020-07-07,0.6641615,1.810773
189,2020-07-08,,
190,2020-07-09,,
191,2020-07-10,,
192,2020-07-11,,
193,2020-07-12,0.52075315,1.3795052
194,2020-07-13,0.63220155,1.5988228
195,2020-07-14,,
196,2020-07-15,,
197,2020-07-16,0.58266884,1.421868
198,2020-07-17,,
199,2020-07-18,,
200,2020-07-19,,
201,2020-07-20,0.54195017,1.3460227
202,2020-07-21,,
203,2020-07-22,,
204,2020-07-23,0.6217541,1.5468184
205,2020-07-24,0.49858108,1.2311761
206,2020-07-25,,
207,2020-07-26,,
208,2020-07-27,,
209,2020-07-28,,
210,2020-07-29,0.57004964,1.4902272
211,2020-07-30,,
212,2020-07-31,,
213,2020-08-01,0.5537027,1.2896221
214,2020-08-02,,
215,2020-08-03,,
216,2020-08-04,,
217,2020-08-05,,
218,2020-08-06,,
219,2020-08-07,0.5915156,6165.935
220,2020-08-08,0.5716934,1.420644
221,2020-08-09,,
222,2020-08-10,,
223,2020-08-11,,
224,2020-08-12,,
225,2020-08-13,,
226,2020-08-14,,
227,2020-08-15,,
228,2020-08-16,,
229,2020-08-17,0.591229,1.6449002
230,2020-08-18,,
231,2020-08-19,,
232,2020-08-20,,
233,2020-08-21,,
234,2020-08-22,,
235,2020-08-23,,
236,2020-08-24,0.70376253,1.7849199
237,2020-08-25,0.7185958,1.8387631
238,2020-08-26,0.70487475,1.8826516
239,2020-08-27,,
240,2020-08-28,,
241,2020-08-29,0.716232,1.9799505
242,2020-08-30,0.6865491,1.8822058
243,2020-08-31,,
244,2020-09-01,,
245,2020-09-02,,
246,2020-09-03,0.71215355,1.9564353
247,2020-09-04,,
248,2020-09-05,,
249,2020-09-06,0.7386473,1.8933355
250,2020-09-07,,
251,2020-09-08,,
252,2020-09-09,,
253,2020-09-10,,
254,2020-09-11,0.7223871,1.9974662
255,2020-09-12,,
256,2020-09-13,,
257,2020-09-14,,
258,2020-09-15,,
259,2020-09-16,0.71906334,1.8999282
260,2020-09-17,0.70872074,1.9193512
261,2020-09-18,,
262,2020-09-19,,
263,2020-09-20,,
264,2020-09-21,,
265,2020-09-22,,
266,2020-09-23,,
267,2020-09-24,,
268,2020-09-25,,
269,2020-09-26,,
270,2020-09-27,,
271,2020-09-28,,
272,2020-09-29,,
273,2020-09-30,,
274,2020-10-01,,
275,2020-10-02,0.71760356,2167.2173
276,2020-10-03,,
277,2020-10-04,0.711686,1.9549322
278,2020-10-05,,
279,2020-10-06,,
280,2020-10-07,,
281,2020-10-08,0.70631707,1.8798366
282,2020-10-09,,
283,2020-10-10,0.6971456,1.9324392
284,2020-10-11,,
285,2020-10-12,,
286,2020-10-13,,
287,2020-10-14,0.6317516,1.7293489
288,2020-10-15,0.72061145,1.8589344
289,2020-10-16,,
290,2020-10-17,,
291,2020-10-18,,
292,2020-10-19,,
293,2020-10-20,,
294,2020-10-21,,
295,2020-10-22,,
296,2020-10-23,,
297,2020-10-24,,
298,2020-10-25,,
299,2020-10-26,,
300,2020-10-27,0.61306655,1.5407958
301,2020-10-28,,
302,2020-10-29,,
303,2020-10-30,,
304,2020-10-31,,
305,2020-11-01,0.5813898,1.4150113
306,2020-11-02,,
307,2020-11-03,0.09515674,-0.16513489
308,2020-11-04,,
309,2020-11-05,0.549134,1.3850889
310,2020-11-06,,
311,2020-11-07,,
312,2020-11-08,,
313,2020-11-09,0.5218727,1.2711422
314,2020-11-10,,
315,2020-11-11,0.5050292,1.1587552
316,2020-11-12,0.4807821,1.124317
317,2020-11-13,0.47060302,1.1767542
318,2020-11-14,,
319,2020-11-15,,
320,2020-11-16,,
321,2020-11-17,,
322,2020-11-18,0.4643169,1.1050651
323,2020-11-19,,
324,2020-11-20,0.5249284,50490.12
325,2020-11-21,,
326,2020-11-22,,
327,2020-11-23,,
328,2020-11-24,,
329,2020-11-25,,
330,2020-11-26,,
331,2020-11-27,,
332,2020-11-28,0.44416136,1.1784115
333,2020-11-29,0.46886092,1.2901946
334,2020-11-30,,
335,2020-12-01,,
336,2020-12-02,,
337,2020-12-03,,
338,2020-12-04,,
339,2020-12-05,,
340,2020-12-06,,
341,2020-12-07,,
342,2020-12-08,,
343,2020-12-09,,
344,2020-12-10,,
345,2020-12-11,,
346,2020-12-12,,
347,2020-12-13,,
348,2020-12-14,,
349,2020-12-15,,
350,2020-12-16,,
351,2020-12-17,,
352,2020-12-18,,
353,2020-12-19,,
354,2020-12-20,,
355,2020-12-21,,
356,2020-12-22,,
357,2020-12-23,,
358,2020-12-24,,
359,2020-12-25,,
360,2020-12-26,,
361,2020-12-27,,
362,2020-12-28,,
363,2020-12-29,,
364,2020-12-30,,
365,2020-12-31,,
366,2021-01-01,,
367,2021-01-02,,
368,2021-01-03,,
369,2021-01-04,,
370,2021-01-05,,
371,2021-01-06,,
372,2021-01-07,,
373,2021-01-08,,
374,2021-01-09,,
375,2021-01-10,,
376,2021-01-11,,
377,2021-01-12,,
378,2021-01-13,,
379,2021-01-14,,
380,2021-01-15,,
381,2021-01-16,,
382,2021-01-17,,
383,2021-01-18,,
384,2021-01-19,,
385,2021-01-20,,
386,2021-01-21,,
387,2021-01-22,,
388,2021-01-23,,
389,2021-01-24,,
390,2021-01-25,,
391,2021-01-26,,
392,2021-01-27,,
393,2021-01-28,,
394,2021-01-29,,
395,2021-01-30,,
396,2021-01-31,,
397,2021-02-01,,
398,2021-02-02,,
399,2021-02-03,,
400,2021-02-04,,
401,2021-02-05,,
402,2021-02-06,,
403,2021-02-07,,
404,2021-02-08,,
405,2021-02-09,,
406,2021-02-10,,
407,2021-02-11,,
408,2021-02-12,,
409,2021-02-13,,
410,2021-02-14,,
411,2021-02-15,,
412,2021-02-16,,
413,2021-02-17,,
414,2021-02-18,,
415,2021-02-19,,
416,2021-02-20,,
417,2021-02-21,,
418,2021-02-22,,
419,2021-02-23,,
420,2021-02-24,,
421,2021-02-25,,
422,2021-02-26,,
423,2021-02-27,,
424,2021-02-28,,
425,2021-03-01,,
426,2021-03-02,,
427,2021-03-03,,
428,2021-03-04,,
429,2021-03-05,,
430,2021-03-06,,
431,2021-03-07,,
432,2021-03-08,,
433,2021-03-09,,
434,2021-03-10,,
435,2021-03-11,,
436,2021-03-12,,
437,2021-03-13,,
438,2021-03-14,,
439,2021-03-15,,
440,2021-03-16,,
441,2021-03-17,,
442,2021-03-18,,
443,2021-03-19,,
444,2021-03-20,,
445,2021-03-21,,
446,2021-03-22,,
447,2021-03-23,,
448,2021-03-24,,
449,2021-03-25,,
450,2021-03-26,,
451,2021-03-27,0.47747692,1.098749
452,2021-03-28,0.48933557,1.0720438
453,2021-03-29,,
454,2021-03-30,,
455,2021-03-31,,
456,2021-04-01,,
457,2021-04-02,,
458,2021-04-03,,
459,2021-04-04,,
460,2021-04-05,,
461,2021-04-06,,
462,2021-04-07,,
463,2021-04-08,,
464,2021-04-09,,
465,2021-04-10,,
466,2021-04-11,,
467,2021-04-12,,
468,2021-04-13,0.51694274,1.2154284
469,2021-04-14,,
470,2021-04-15,,
471,2021-04-16,,
472,2021-04-17,,
473,2021-04-18,,
474,2021-04-19,,
475,2021-04-20,,
476,2021-04-21,0.4305471,0.9713245
477,2021-04-22,0.5527333,1.2298313
478,2021-04-23,,
479,2021-04-24,0.4803378,1.3856438
480,2021-04-25,,
481,2021-04-26,,
482,2021-04-27,,
483,2021-04-28,,
484,2021-04-29,,
485,2021-04-30,0.5115289,1.3307816
486,2021-05-01,,
487,2021-05-02,,
488,2021-05-03,,
489,2021-05-04,,
490,2021-05-05,,
491,2021-05-06,,
492,2021-05-07,,
493,2021-05-08,,
494,2021-05-09,,
495,2021-05-10,,
496,2021-05-11,,
497,2021-05-12,,
498,2021-05-13,,
499,2021-05-14,0.5793023,3282.8286
500,2021-05-15,,
501,2021-05-16,0.6233183,1.6039349
502,2021-05-17,,
503,2021-05-18,,
504,2021-05-19,,
505,2021-05-20,,
506,2021-05-21,,
507,2021-05-22,,
508,2021-05-23,,
509,2021-05-24,,
510,2021-05-25,,
511,2021-05-26,0.6292389,2.103622
512,2021-05-27,,
513,2021-05-28,,
514,2021-05-29,,
515,2021-05-30,,
516,2021-05-31,,
517,2021-06-01,,
518,2021-06-02,,
519,2021-06-03,,
520,2021-06-04,0.6840978,2.0263824
521,2021-06-05,,
522,2021-06-06,,
523,2021-06-07,,
524,2021-06-08,,
525,2021-06-09,,
526,2021-06-10,,
527,2021-06-11,0.72564363,1.9876287
528,2021-06-12,,
529,2021-06-13,,
530,2021-06-14,,
531,2021-06-15,0.70387214,1.9115863
532,2021-06-16,,
533,2021-06-17,0.6545117,1.8178792
534,2021-06-18,0.70859325,1.9527003
535,2021-06-19,,
536,2021-06-20,,
537,2021-06-21,,
538,2021-06-22,,
539,2021-06-23,,
540,2021-06-24,,
541,2021-06-25,,
542,2021-06-26,,
543,2021-06-27,,
544,2021-06-28,,
545,2021-06-29,,
546,2021-06-30,,
547,2021-07-01,,
548,2021-07-02,,
549,2021-07-03,,
550,2021-07-04,,
551,2021-07-05,0.6587499,1.7122744
552,2021-07-06,,
553,2021-07-07,,
554,2021-07-08,0.654096,1.6693563
555,2021-07-09,0.6367096,1.699782
556,2021-07-10,0.63090295,1.5748565
557,2021-07-11,,
558,2021-07-12,,
559,2021-07-13,,
560,2021-07-14,,
561,2021-07-15,0.5645318,12248.806
562,2021-07-16,,
563,2021-07-17,,
564,2021-07-18,,
565,2021-07-19,,
566,2021-07-20,,
567,2021-07-21,,
568,2021-07-22,,
569,2021-07-23,,
570,2021-07-24,,
571,2021-07-25,0.48831472,11629.667
572,2021-07-26,0.4893516,1.1719435
573,2021-07-27,,
574,2021-07-28,0.54588497,1.3567768
575,2021-07-29,,
576,2021-07-30,,
577,2021-07-31,,
578,2021-08-01,,
579,2021-08-02,,
580,2021-08-03,,
581,2021-08-04,,
582,2021-08-05,,
583,2021-08-06,,
584,2021-08-07,,
585,2021-08-08,,
586,2021-08-09,,
587,2021-08-10,,
588,2021-08-11,,
589,2021-08-12,,
590,2021-08-13,0.607776,8804.6455
591,2021-08-14,,
592,2021-08-15,,
593,2021-08-16,0.6080891,1.6275496
594,2021-08-17,,
595,2021-08-18,,
596,2021-08-19,0.6446571,9055.104
597,2021-08-20,0.6166495,1.5860242
598,2021-08-21,,
599,2021-08-22,,
600,2021-08-23,,
601,2021-08-24,0.6453556,1.6670041
602,2021-08-25,,
603,2021-08-26,,
604,2021-08-27,,
605,2021-08-28,0.68054706,7807.381
606,2021-08-29,,
607,2021-08-30,,
608,2021-08-31,,
609,2021-09-01,,
610,2021-09-02,0.65717477,1.7626553
611,2021-09-03,,
612,2021-09-04,0.71270293,1.8456614
613,2021-09-05,,
614,2021-09-06,0.71655726,1.860398
615,2021-09-07,0.7168742,1.8702759
616,2021-09-08,,
617,2021-09-09,0.6562762,1.7884805
618,2021-09-10,,
619,2021-09-11,0.684688,1.8534977
620,2021-09-12,,
621,2021-09-13,0.6872685,1.8308462
622,2021-09-14,,
623,2021-09-15,,
624,2021-09-16,,
625,2021-09-17,,
626,2021-09-18,0.6950461,2.1838121
627,2021-09-19,0.7076497,2.1150005
628,2021-09-20,0.712004,1.9218341
629,2021-09-21,,
630,2021-09-22,0.68750566,1.7922393
631,2021-09-23,,
632,2021-09-24,,
633,2021-09-25,0.72118914,1.9595106
634,2021-09-26,0.72467774,1.9779408
635,2021-09-27,0.70462626,1.8545319
636,2021-09-28,0.67828554,1.8898153
637,2021-09-29,0.64466625,1.5464864
638,2021-09-30,,
639,2021-10-01,,
640,2021-10-02,,
641,2021-10-03,0.69144917,1.8149912
642,2021-10-04,,
643,2021-10-05,0.6984628,2.0093832
644,2021-10-06,,
645,2021-10-07,,
646,2021-10-08,,
647,2021-10-09,,
648,2021-10-10,0.60002744,1.824442
649,2021-10-11,0.6779797,1.7783091
650,2021-10-12,,
651,2021-10-13,,
652,2021-10-14,,
653,2021-10-15,,
654,2021-10-16,0.6673619,2060.7961
655,2021-10-17,,
656,2021-10-18,0.63444823,1.7157658
657,2021-10-19,,
658,2021-10-20,,
659,2021-10-21,,
660,2021-10-22,,
661,2021-10-23,,
662,2021-10-24,,
663,2021-10-25,,
664,2021-10-26,,
665,2021-10-27,,
666,2021-10-28,0.68465656,1.7771101
667,2021-10-29,,
668,2021-10-30,,
669,2021-10-31,0.59472805,1.4356445
670,2021-11-01,,
671,2021-11-02,,
672,2021-11-03,,
673,2021-11-04,,
674,2021-11-05,,
675,2021-11-06,0.54379,1.3341864
676,2021-11-07,,
677,2021-11-08,,
678,2021-11-09,0.547136,1.2522615
679,2021-11-10,0.56332666,1.3170334
680,2021-11-11,0.55545366,1.4424154
681,2021-11-12,0.5075186,4957.3066
682,2021-11-13,,
683,2021-11-14,0.50623524,1.3101805
684,2021-11-15,,
685,2021-11-16,,
686,2021-11-17,,
687,2021-11-18,,
688,2021-11-19,,
689,2021-11-20,,
690,2021-11-21,,
691,2021-11-22,,
692,2021-11-23,,
693,2021-11-24,0.52779025,1.2964227
694,2021-11-25,0.50628,1.2115098
695,2021-11-26,,
696,2021-11-27,0.49223822,1044.1403
697,2021-11-28,,
698,2021-11-29,,
699,2021-11-30,0.49100706,1.1383972
700,2021-12-01,,
701,2021-12-02,0.47478458,1.0937834
702,2021-12-03,,
703,2021-12-04,,
704,2021-12-05,,
705,2021-12-06,,
706,2021-12-07,,
707,2021-12-08,,
708,2021-12-09,,
709,2021-12-10,,
710,2021-12-11,,
711,2021-12-12,,
712,2021-12-13,,
713,2021-12-14,,
714,2021-12-15,,
715,2021-12-16,,
716,2021-12-17,,
717,2021-12-18,,
718,2021-12-19,,
719,2021-12-20,,
720,2021-12-21,,
721,2021-12-22,,
722,2021-12-23,,
723,2021-12-24,,
724,2021-12-25,,
725,2021-12-26,,
726,2021-12-27,,
727,2021-12-28,,
728,2021-12-29,,
729,2021-12-30,,
730,2021-12-31,,
731,2022-01-01,,
732,2022-01-02,,
733,2022-01-03,,
734,2022-01-04,,
735,2022-01-05,,
736,2022-01-06,,
737,2022-01-07,,
738,2022-01-08,,
739,2022-01-09,,
740,2022-01-10,,
741,2022-01-11,,
742,2022-01-12,,
743,2022-01-13,,
744,2022-01-14,,
745,2022-01-15,,
746,2022-01-16,,
747,2022-01-17,,
748,2022-01-18,,
749,2022-01-19,,
750,2022-01-20,,
751,2022-01-21,,
752,2022-01-22,,
753,2022-01-23,,
754,2022-01-24,,
755,2022-01-25,,
756,2022-01-26,,
757,2022-01-27,,
758,2022-01-28,,
759,2022-01-29,,
760,2022-01-30,,
761,2022-01-31,,
762,2022-02-01,,
763,2022-02-02,,
764,2022-02-03,,
765,2022-02-04,,
766,2022-02-05,,
767,2022-02-06,,
768,2022-02-07,,
769,2022-02-08,,
770,2022-02-09,,
771,2022-02-10,,
772,2022-02-11,,
773,2022-02-12,,
774,2022-02-13,,
775,2022-02-14,,
776,2022-02-15,,
777,2022-02-16,,
778,2022-02-17,,
779,2022-02-18,,
780,2022-02-19,,
781,2022-02-20,,
782,2022-02-21,,
783,2022-02-22,,
784,2022-02-23,,
785,2022-02-24,,
786,2022-02-25,,
787,2022-02-26,,
788,2022-02-27,,
789,2022-02-28,,
790,2022-03-01,,
791,2022-03-02,,
792,2022-03-03,,
793,2022-03-04,,
794,2022-03-05,,
795,2022-03-06,,
796,2022-03-07,,
797,2022-03-08,,
798,2022-03-09,,
799,2022-03-10,,
800,2022-03-11,,
801,2022-03-12,,
802,2022-03-13,,
803,2022-03-14,,
804,2022-03-15,,
805,2022-03-16,,
806,2022-03-17,,
807,2022-03-18,,
808,2022-03-19,,
809,2022-03-20,,
810,2022-03-21,,
811,2022-03-22,,
812,2022-03-23,,
813,2022-03-24,,
814,2022-03-25,,
815,2022-03-26,,
816,2022-03-27,,
817,2022-03-28,,
818,2022-03-29,0.49159348,1.2402338
819,2022-03-30,,
820,2022-03-31,,
821,2022-04-01,,
822,2022-04-02,,
823,2022-04-03,,
824,2022-04-04,0.43921074,1.0532373
825,2022-04-05,,
826,2022-04-06,,
827,2022-04-07,0.45846295,1.0631868
828,2022-04-08,0.44393775,1.0266544
829,2022-04-09,0.42666876,0.97248155
830,2022-04-10,0.44929397,1.0790681
831,2022-04-11,0.41660252,0.8999765
832,2022-04-12,,
833,2022-04-13,,
834,2022-04-14,,
835,2022-04-15,,
836,2022-04-16,,
837,2022-04-17,,
838,2022-04-18,,
839,2022-04-19,,
840,2022-04-20,,
841,2022-04-21,,
842,2022-04-22,,
843,2022-04-23,,
844,2022-04-24,0.53394043,1.3717743
845,2022-04-25,,
846,2022-04-26,,
847,2022-04-27,,
848,2022-04-28,,
849,2022-04-29,,
850,2022-04-30,,
851,2022-05-01,,
852,2022-05-02,,
853,2022-05-03,0.6297162,1.7033108
854,2022-05-04,,
855,2022-05-05,,
856,2022-05-06,,
857,2022-05-07,,
858,2022-05-08,,
859,2022-05-09,,
860,2022-05-10,,
861,2022-05-11,,
862,2022-05-12,,
863,2022-05-13,,
864,2022-05-14,,
865,2022-05-15,,
866,2022-05-16,,
867,2022-05-17,0.66686356,1.8085964
868,2022-05-18,0.6770569,1.7867826
869,2022-05-19,,
870,2022-05-20,0.6355522,1.833912
871,2022-05-21,,
872,2022-05-22,,
873,2022-05-23,,
874,2022-05-24,,
875,2022-05-25,,
876,2022-05-26,,
877,2022-05-27,,
878,2022-05-28,,
879,2022-05-29,,
880,2022-05-30,,
881,2022-05-31,,
882,2022-06-01,,
883,2022-06-02,,
884,2022-06-03,,
885,2022-06-04,,
886,2022-06-05,,
887,2022-06-06,,
888,2022-06-07,,
889,2022-06-08,,
890,2022-06-09,,
891,2022-06-10,,
892,2022-06-11,,
893,2022-06-12,,
894,2022-06-13,,
895,2022-06-14,,
896,2022-06-15,,
897,2022-06-16,,
898,2022-06-17,,
899,2022-06-18,,
900,2022-06-19,,
901,2022-06-20,,
902,2022-06-21,,
903,2022-06-22,,
904,2022-06-23,0.7403199,2416.9907
905,2022-06-24,0.7081472,1.9669672
906,2022-06-25,,
907,2022-06-26,,
908,2022-06-27,0.6841096,1.9558313
909,2022-06-28,,
910,2022-06-29,,
911,2022-06-30,,
912,2022-07-01,0.6849907,1.8879339
913,2022-07-02,,
914,2022-07-03,,
915,2022-07-04,,
916,2022-07-05,,
917,2022-07-06,,
918,2022-07-07,,
919,2022-07-08,,
920,2022-07-09,0.6527227,14206.426
921,2022-07-10,0.64953655,1.6664121
922,2022-07-11,,
923,2022-07-12,0.5948786,1.6514461
924,2022-07-13,0.5678405,1.3961965
925,2022-07-14,,
926,2022-07-15,0.6228254,1.494031
927,2022-07-16,0.67159617,1.5738295
928,2022-07-17,,
929,2022-07-18,,
930,2022-07-19,,
931,2022-07-20,,
932,2022-07-21,,
933,2022-07-22,0.51658505,1.2251983
934,2022-07-23,,
935,2022-07-24,0.5377238,1.2720882
936,2022-07-25,,
937,2022-07-26,,
938,2022-07-27,,
939,2022-07-28,,
940,2022-07-29,,
941,2022-07-30,0.52430105,1.3706285
942,2022-07-31,0.5400481,1.2880766
943,2022-08-01,0.5959312,1.3659333
944,2022-08-02,,
945,2022-08-03,,
946,2022-08-04,,
947,2022-08-05,,
948,2022-08-06,,
949,2022-08-07,,
950,2022-08-08,,
951,2022-08-09,,
952,2022-08-10,,
953,2022-08-11,0.5885432,1.4925292
954,2022-08-12,0.6009351,5231.9805
955,2022-08-13,,
956,2022-08-14,0.6143146,5608.91
957,2022-08-15,0.59382063,1.4778802
958,2022-08-16,,
959,2022-08-17,,
960,2022-08-18,,
961,2022-08-19,,
962,2022-08-20,,
963,2022-08-21,,
964,2022-08-22,,
965,2022-08-23,0.66502696,1.6665806
966,2022-08-24,,
967,2022-08-25,,
968,2022-08-26,,
969,2022-08-27,0.5954268,2.118024
970,2022-08-28,,
971,2022-08-29,,
972,2022-08-30,,
973,2022-08-31,0.64859945,1.7643758
974,2022-09-01,,
975,2022-09-02,,
976,2022-09-03,0.6578879,1.8196168
977,2022-09-04,,
978,2022-09-05,0.66515374,1.7870511
979,2022-09-06,,
980,2022-09-07,,
981,2022-09-08,0.670342,1.7038668
982,2022-09-09,0.6916806,1.6593238
983,2022-09-10,,
984,2022-09-11,0.66635317,1.7094592
985,2022-09-12,0.66162556,1.6602601
986,2022-09-13,0.6612095,1.6591887
987,2022-09-14,0.6559456,1.7001714
988,2022-09-15,0.6405492,1.5966204
989,2022-09-16,0.646684,1.9763992
990,2022-09-17,,
991,2022-09-18,,
992,2022-09-19,,
993,2022-09-20,0.65294814,1.7933737
994,2022-09-21,,
995,2022-09-22,0.5776524,6556.327
996,2022-09-23,,
997,2022-09-24,,
998,2022-09-25,0.6426677,1.6851754
999,2022-09-26,,
1000,2022-09-27,0.61458087,1.6874998
1001,2022-09-28,,
1002,2022-09-29,,
1003,2022-09-30,0.5744451,1.611744
1004,2022-10-01,0.5810816,18302.998
1005,2022-10-02,0.62190074,1.6917048
1006,2022-10-03,,
1007,2022-10-04,,
1008,2022-10-05,,
1009,2022-10-06,,
1010,2022-10-07,,
1011,2022-10-08,,
1012,2022-10-09,0.62134475,1.6464723
1013,2022-10-10,,
1014,2022-10-11,0.61712945,1.5338911
1015,2022-10-12,,
1016,2022-10-13,0.59361047,1.5914733
1017,2022-10-14,,
1018,2022-10-15,,
1019,2022-10-16,,
1020,2022-10-17,,
1021,2022-10-18,,
1022,2022-10-19,,
1023,2022-10-20,,
1024,2022-10-21,,
1025,2022-10-22,,
1026,2022-10-23,,
1027,2022-10-24,,
1028,2022-10-25,,
1029,2022-10-26,0.5639524,1.3794353
1030,2022-10-27,0.5615366,1.3928038
1031,2022-10-28,,
1032,2022-10-29,,
1033,2022-10-30,,
1034,2022-10-31,,
1035,2022-11-01,,
1036,2022-11-02,,
1037,2022-11-03,,
1038,2022-11-04,,
1039,2022-11-05,,
1040,2022-11-06,0.46036708,1.0726581
1041,2022-11-07,,
1042,2022-11-08,,
1043,2022-11-09,,
1044,2022-11-10,,
1045,2022-11-11,,
1046,2022-11-12,0.4255413,2071.4316
1047,2022-11-13,0.49542052,1.0679294
1048,2022-11-14,,
1049,2022-11-15,,
1050,2022-11-16,,
1051,2022-11-17,0.44827065,1556.2482
1052,2022-11-18,0.43757555,1.0709596
1053,2022-11-19,0.4635418,4790.905
1054,2022-11-20,0.46149117,1.0677619
1055,2022-11-21,,
1056,2022-11-22,,
1057,2022-11-23,,
1058,2022-11-24,,
1059,2022-11-25,,
1060,2022-11-26,0.46293414,1.4918079
1061,2022-11-27,,
1062,2022-11-28,,
1063,2022-11-29,0.47615874,596.6167
1064,2022-11-30,,
1065,2022-12-01,,
1066,2022-12-02,,
1067,2022-12-03,,
1068,2022-12-04,,
1069,2022-12-05,,
1070,2022-12-06,,
1071,2022-12-07,,
1072,2022-12-08,,
1073,2022-12-09,,
1074,2022-12-10,,
1075,2022-12-11,,
1076,2022-12-12,,
1077,2022-12-13,,
1078,2022-12-14,,
1079,2022-12-15,,
1080,2022-12-16,,
1081,2022-12-17,,
1082,2022-12-18,,
1083,2022-12-19,,
1084,2022-12-20,,
1085,2022-12-21,,
1086,2022-12-22,,
1087,2022-12-23,,
1088,2022-12-24,,
1089,2022-12-25,,
1090,2022-12-26,,
1091,2022-12-27,,
1092,2022-12-28,,
1093,2022-12-29,,
1094,2022-12-30,,
1095,2022-12-31,,
1096,2023-01-01,,
1097,2023-01-02,,
1098,2023-01-03,,
1099,2023-01-04,,
1100,2023-01-05,,
1101,2023-01-06,,
1102,2023-01-07,,
1103,2023-01-08,,
1104,2023-01-09,,
1105,2023-01-10,,
1106,2023-01-11,,
1107,2023-01-12,,
1108,2023-01-13,,
1109,2023-01-14,,
1110,2023-01-15,,
1111,2023-01-16,,
1112,2023-01-17,,
1113,2023-01-18,,
1114,2023-01-19,,
1115,2023-01-20,,
1116,2023-01-21,,
1117,2023-01-22,,
1118,2023-01-23,,
1119,2023-01-24,,
1120,2023-01-25,,
1121,2023-01-26,,
1122,2023-01-27,,
1123,2023-01-28,,
1124,2023-01-29,,
1125,2023-01-30,,
1126,2023-01-31,,
1127,2023-02-01,,
1128,2023-02-02,,
1129,2023-02-03,,
1130,2023-02-04,,
1131,2023-02-05,,
1132,2023-02-06,,
1133,2023-02-07,,
1134,2023-02-08,,
1135,2023-02-09,,
1136,2023-02-10,,
1137,2023-02-11,,
1138,2023-02-12,,
1139,2023-02-13,,
1140,2023-02-14,,
1141,2023-02-15,,
1142,2023-02-16,,
1143,2023-02-17,,
1144,2023-02-18,,
1145,2023-02-19,,
1146,2023-02-20,,
1147,2023-02-21,,
1148,2023-02-22,,
1149,2023-02-23,,
1150,2023-02-24,,
1151,2023-02-25,,
1152,2023-02-26,,
1153,2023-02-27,,
1154,2023-02-28,,
1155,2023-03-01,,
1156,2023-03-02,,
1157,2023-03-03,,
1158,2023-03-04,,
1159,2023-03-05,,
1160,2023-03-06,,
1161,2023-03-07,,
1162,2023-03-08,,
1163,2023-03-09,,
1164,2023-03-10,,
1165,2023-03-11,,
1166,2023-03-12,,
1167,2023-03-13,,
1168,2023-03-14,,
1169,2023-03-15,0.4821922,1.0427749
1170,2023-03-16,,
1171,2023-03-17,0.46084663,0.99286383
1172,2023-03-18,,
1173,2023-03-19,,
1174,2023-03-20,,
1175,2023-03-21,,
1176,2023-03-22,,
1177,2023-03-23,,
1178,2023-03-24,,
1179,2023-03-25,,
1180,2023-03-26,,
1181,2023-03-27,,
1182,2023-03-28,,
1183,2023-03-29,,
1184,2023-03-30,,
1185,2023-03-31,,
1186,2023-04-01,,
1187,2023-04-02,,
1188,2023-04-03,,
1189,2023-04-04,,
1190,2023-04-05,,
1191,2023-04-06,,
1192,2023-04-07,,
1193,2023-04-08,,
1194,2023-04-09,0.48720255,1.1275595
1195,2023-04-10,,
1196,2023-04-11,0.5334879,1.3550651
1197,2023-04-12,,
1198,2023-04-13,,
1199,2023-04-14,0.4843234,1.484015
1200,2023-04-15,0.5003064,1.2076735
1201,2023-04-16,0.4812633,1.2229072
1202,2023-04-17,0.5069718,1.2547896
1203,2023-04-18,,
1204,2023-04-19,,
1205,2023-04-20,,
1206,2023-04-21,,
1207,2023-04-22,,
1208,2023-04-23,,
1209,2023-04-24,,
1210,2023-04-25,,
1211,2023-04-26,,
1212,2023-04-27,0.58024484,1.3691865
1213,2023-04-28,,
1214,2023-04-29,0.5367148,2719.071
1215,2023-04-30,,
1216,2023-05-01,,
1217,2023-05-02,,
1218,2023-05-03,,
1219,2023-05-04,,
1220,2023-05-05,,
1221,2023-05-06,,
1222,2023-05-07,,
1223,2023-05-08,,
1224,2023-05-09,,
1225,2023-05-10,0.63150144,1.6532471
1226,2023-05-11,,
1227,2023-05-12,,
1228,2023-05-13,,
1229,2023-05-14,,
1230,2023-05-15,,
1231,2023-05-16,,
1232,2023-05-17,,
1233,2023-05-18,,
1234,2023-05-19,,
1235,2023-05-20,,
1236,2023-05-21,,
1237,2023-05-22,,
1238,2023-05-23,,
1239,2023-05-24,,
1240,2023-05-25,0.66407925,1.7592883
1241,2023-05-26,,
1242,2023-05-27,,
1243,2023-05-28,0.62089217,1.7942151
1244,2023-05-29,0.66348577,1.7116798
1245,2023-05-30,,
1246,2023-05-31,,
1247,2023-06-01,0.66470045,1.8103569
1248,2023-06-02,0.6794712,1.9032881
1249,2023-06-03,,
1250,2023-06-04,,
1251,2023-06-05,,
1252,2023-06-06,0.57409585,67905.59
1253,2023-06-07,,
1254,2023-06-08,,
1255,2023-06-09,,
1256,2023-06-10,,
1257,2023-06-11,,
1258,2023-06-12,,
1259,2023-06-13,,
1260,2023-06-14,,
1261,2023-06-15,,
1262,2023-06-16,,
1263,2023-06-17,,
1264,2023-06-18,,
1265,2023-06-19,,
1266,2023-06-20,,
1267,2023-06-21,,
1268,2023-06-22,,
1269,2023-06-23,,
1270,2023-06-24,,
1271,2023-06-25,,
1272,2023-06-26,,
1273,2023-06-27,0.717643,4859.061
1274,2023-06-28,0.6587757,12597.715
1275,2023-06-29,,
1276,2023-06-30,,
1277,2023-07-01,,
1278,2023-07-02,,
1279,2023-07-03,,
1280,2023-07-04,0.70852286,1.9384806
1281,2023-07-05,0.64538157,1.9875789
1282,2023-07-06,0.64123464,2.0469236
1283,2023-07-07,0.6792896,1.7495557
1284,2023-07-08,0.6644601,1.7297779
1285,2023-07-09,,
1286,2023-07-10,,
1287,2023-07-11,,
1288,2023-07-12,,
1289,2023-07-13,,
1290,2023-07-14,0.5689704,1.2276851
1291,2023-07-15,0.587586,1.4709729
1292,2023-07-16,,
1293,2023-07-17,,
1294,2023-07-18,,
1295,2023-07-19,,
1296,2023-07-20,,
1297,2023-07-21,,
1298,2023-07-22,,
1299,2023-07-23,0.5461899,1.7064625
1300,2023-07-24,,
1301,2023-07-25,,
1302,2023-07-26,,
1303,2023-07-27,,
1304,2023-07-28,,
1305,2023-07-29,,
1306,2023-07-30,,
1307,2023-07-31,,
1308,2023-08-01,,
1309,2023-08-02,0.54446626,1.4368632
1310,2023-08-03,,
1311,2023-08-04,,
1312,2023-08-05,,
1313,2023-08-06,,
1314,2023-08-07,,
1315,2023-08-08,,
1316,2023-08-09,0.6090265,1.4853356
1317,2023-08-10,,
1318,2023-08-11,,
1319,2023-08-12,,
1320,2023-08-13,,
1321,2023-08-14,0.59514344,1.7808905
1322,2023-08-15,0.6376441,1.7575046
1323,2023-08-16,,
1324,2023-08-17,,
1325,2023-08-18,,
1326,2023-08-19,,
1327,2023-08-20,,
1328,2023-08-21,,
1329,2023-08-22,,
1330,2023-08-23,,
1331,2023-08-24,0.71135736,2.0471969
1332,2023-08-25,,
1333,2023-08-26,,
1334,2023-08-27,0.65088284,2.2104628
1335,2023-08-28,,
1336,2023-08-29,,
1337,2023-08-30,0.6554855,32020.096
1338,2023-08-31,,
1339,2023-09-01,,
1340,2023-09-02,,
1341,2023-09-03,,
1342,2023-09-04,,
1343,2023-09-05,,
1344,2023-09-06,,
1345,2023-09-07,,
1346,2023-09-08,,
1347,2023-09-09,,
1348,2023-09-10,,
1349,2023-09-11,,
1350,2023-09-12,,
1351,2023-09-13,,
1352,2023-09-14,0.72787195,1.9942247
1353,2023-09-15,0.6810915,2.113231
1354,2023-09-16,,
1355,2023-09-17,,
1356,2023-09-18,,
1357,2023-09-19,,
1358,2023-09-20,,
1359,2023-09-21,0.69271845,1.801673
1360,2023-09-22,0.6844897,1.9145279
1361,2023-09-23,,
1362,2023-09-24,,
1363,2023-09-25,,
1364,2023-09-26,,
1365,2023-09-27,,
1366,2023-09-28,,
1367,2023-09-29,0.6648382,1.9547157
1368,2023-09-30,,
1369,2023-10-01,0.6353042,1.942317
1370,2023-10-02,,
1371,2023-10-03,0.67778033,1.7675146
1372,2023-10-04,,
1373,2023-10-05,,
1374,2023-10-06,,
1375,2023-10-07,,
1376,2023-10-08,,
1377,2023-10-09,,
1378,2023-10-10,,
1379,2023-10-11,,
1380,2023-10-12,,
1381,2023-10-13,,
1382,2023-10-14,,
1383,2023-10-15,,
1384,2023-10-16,0.6339482,1.6933509
1385,2023-10-17,,
1386,2023-10-18,,
1387,2023-10-19,,
1388,2023-10-20,,
1389,2023-10-21,,
1390,2023-10-22,,
1391,2023-10-23,,
1392,2023-10-24,,
1393,2023-10-25,0.61177206,1.5663576
1394,2023-10-26,,
1395,2023-10-27,,
1396,2023-10-28,,
1397,2023-10-29,,
1398,2023-10-30,0.59583884,1.520214
1399,2023-10-31,0.5686694,1.4588203
1400,2023-11-01,,
1401,2023-11-02,0.50647336,1.3200234
1402,2023-11-03,0.5403265,1.4070165
1403,2023-11-04,0.56251675,1.3467758
1404,2023-11-05,0.5698026,1.3098853
1405,2023-11-06,,
1406,2023-11-07,,
1407,2023-11-08,0.51609117,1.2527432
1408,2023-11-09,,
1409,2023-11-10,,
1410,2023-11-11,,
1411,2023-11-12,,
1412,2023-11-13,,
1413,2023-11-14,,
1414,2023-11-15,,
1415,2023-11-16,,
1416,2023-11-17,0.49558425,1.231914
1417,2023-11-18,,
1418,2023-11-19,0.4741721,1.1748408
1419,2023-11-20,0.48526996,2076.419
1420,2023-11-21,,
1421,2023-11-22,,
1422,2023-11-23,0.50535965,1.1495577
1423,2023-11-24,,
1424,2023-11-25,,
1425,2023-11-26,0.53446656,1.2830712
1426,2023-11-27,0.50555915,1.1311119
1427,2023-11-28,0.47681203,1.1302497
1428,2023-11-29,,
1429,2023-11-30,,
1430,2023-12-01,,
1431,2023-12-02,,
1432,2023-12-03,,
1433,2023-12-04,,
1434,2023-12-05,,
1435,2023-12-06,,
1436,2023-12-07,,
1437,2023-12-08,,
1438,2023-12-09,,
1439,2023-12-10,,
1440,2023-12-11,,
1441,2023-12-12,,
1442,2023-12-13,,
1443,2023-12-14,,
1444,2023-12-15,,
1445,2023-12-16,,
1446,2023-12-17,,
1447,2023-12-18,,
1448,2023-12-19,,
1449,2023-12-20,,
1450,2023-12-21,,
1451,2023-12-22,,
1452,2023-12-23,,
1453,2023-12-24,,
1454,2023-12-25,,
1455,2023-12-26,,
1456,2023-12-27,,
1457,2023-12-28,,
1458,2023-12-29,,
1459,2023-12-30,,
1460,2023-12-31,,
1461,2024-01-01,,
1462,2024-01-02,,
1463,2024-01-03,,
1464,2024-01-04,,
1465,2024-01-05,,
1466,2024-01-06,,
1467,2024-01-07,,
1468,2024-01-08,,
1469,2024-01-09,,
1470,2024-01-10,,
1471,2024-01-11,,
1472,2024-01-12,,
1473,2024-01-13,,
1474,2024-01-14,,
1475,2024-01-15,,
1476,2024-01-16,,
1477,2024-01-17,,
1478,2024-01-18,,
1479,2024-01-19,,
1480,2024-01-20,,
1481,2024-01-21,,
1482,2024-01-22,,
1483,2024-01-23,,
1484,2024-01-24,,
1485,2024-01-25,,
1486,2024-01-26,,
1487,2024-01-27,,
1488,2024-01-28,,
1489,2024-01-29,,
1490,2024-01-30,,
1491,2024-01-31,,
1492,2024-02-01,,
1493,2024-02-02,,
1494,2024-02-03,,
1495,2024-02-04,,
1496,2024-02-05,,
1497,2024-02-06,,
1498,2024-02-07,,
1499,2024-02-08,,
1500,2024-02-09,,
1501,2024-02-10,,
1502,2024-02-11,,
1503,2024-02-12,,
1504,2024-02-13,,
1505,2024-02-14,,
1506,2024-02-15,,
1507,2024-02-16,,
1508,2024-02-17,,
1509,2024-02-18,,
1510,2024-02-19,,
1511,2024-02-20,,
1512,2024-02-21,,
1513,2024-02-22,,
1514,2024-02-23,,
1515,2024-02-24,,
1516,2024-02-25,,
1517,2024-02-26,,
1518,2024-02-27,,
1519,2024-02-28,,
1520,2024-02-29,,
1521,2024-03-01,,
1522,2024-03-02,,
1523,2024-03-03,,
1524,2024-03-04,,
1525,2024-03-05,,
1526,2024-03-06,,
1527,2024-03-07,,
1528,2024-03-08,,
1529,2024-03-09,,
1530,2024-03-10,,
1531,2024-03-11,,
1532,2024-03-12,,
1533,2024-03-13,,
1534,2024-03-14,,
1535,2024-03-15,,
1536,2024-03-16,,
1537,2024-03-17,,
1538,2024-03-18,,
1539,2024-03-19,,
1540,2024-03-20,,
1541,2024-03-21,,
1542,2024-03-22,,
1543,2024-03-23,,
1544,2024-03-24,,
1545,2024-03-25,0.44688603,1.122874
1546,2024-03-26,0.44591627,1.0618683
1547,2024-03-27,,
1548,2024-03-28,,
1549,2024-03-29,0.4629612,1.0399445
1550,2024-03-30,0.47894213,1.2125921
1551,2024-03-31,,
1552,2024-04-01,,
1553,2024-04-02,,
1554,2024-04-03,,
1555,2024-04-04,,
1556,2024-04-05,,
1557,2024-04-06,,
1558,2024-04-07,,
1559,2024-04-08,,
1560,2024-04-09,,
1561,2024-04-10,,
1562,2024-04-11,0.5176652,1.2086444
1563,2024-04-12,,
1564,2024-04-13,,
1565,2024-04-14,,
1566,2024-04-15,0.54535556,1.4665838
1567,2024-04-16,,
1568,2024-04-17,,
1569,2024-04-18,,
1570,2024-04-19,,
1571,2024-04-20,,
1572,2024-04-21,0.58975303,1.6461252
1573,2024-04-22,,
1574,2024-04-23,,
1575,2024-04-24,,
1576,2024-04-25,,
1577,2024-04-26,,
1578,2024-04-27,,
1579,2024-04-28,,
1580,2024-04-29,,
1581,2024-04-30,,
1582,2024-05-01,,
1583,2024-05-02,,
1584,2024-05-03,0.67275965,1.6910809
1585,2024-05-04,,
1586,2024-05-05,,
1587,2024-05-06,0.6445402,1.6845467
1588,2024-05-07,,
1589,2024-05-08,,
1590,2024-05-09,0.67737424,1.7497773
1591,2024-05-10,,
1592,2024-05-11,,
1593,2024-05-12,,
1594,2024-05-13,,
1595,2024-05-14,0.66409445,2.000292
1596,2024-05-15,0.6708696,1.848962
1597,2024-05-16,,
1598,2024-05-17,0.6515185,1.7336466
1599,2024-05-18,0.6727289,1.9098238
1600,2024-05-19,,
1601,2024-05-20,,
1602,2024-05-21,,
1603,2024-05-22,,
1604,2024-05-23,,
1605,2024-05-24,,
1606,2024-05-25,,
1607,2024-05-26,,
1608,2024-05-27,,
1609,2024-05-28,,
1610,2024-05-29,0.6942561,1.9047401
1611,2024-05-30,,
1612,2024-05-31,,
1613,2024-06-01,,
1614,2024-06-02,,
1615,2024-06-03,,
1616,2024-06-04,,
1617,2024-06-05,,
1618,2024-06-06,,
1619,2024-06-07,,
1620,2024-06-08,,
1621,2024-06-09,,
1622,2024-06-10,,
1623,2024-06-11,,
1624,2024-06-12,,
1625,2024-06-13,,
1626,2024-06-14,,
1627,2024-06-15,,
1628,2024-06-16,,
1629,2024-06-17,0.71668214,1.9412233
1630,2024-06-18,,
1631,2024-06-19,,
1632,2024-06-20,,
1633,2024-06-21,0.67755806,1.8521239
1634,2024-06-22,,
1635,2024-06-23,0.6936213,1.8228608
1636,2024-06-24,,
1637,2024-06-25,0.5990775,1.7009315
1638,2024-06-26,,
1639,2024-06-27,,
1640,2024-06-28,,
1641,2024-06-29,,
1642,2024-06-30,,
1643,2024-07-01,,
1644,2024-07-02,,
1645,2024-07-03,0.6671558,1.9635733
1646,2024-07-04,,
1647,2024-07-05,0.5874203,2088.5603
1648,2024-07-06,,
1649,2024-07-07,,
1650,2024-07-08,0.5155154,3883.2053
1651,2024-07-09,0.5723339,14107.868
1652,2024-07-10,,
1653,2024-07-11,,
1654,2024-07-12,0.604448,1.5526894
1655,2024-07-13,,
1656,2024-07-14,0.5625581,1.4398538
1657,2024-07-15,0.5434031,1.336761
1658,2024-07-16,0.55476505,1.3636202
1659,2024-07-17,0.59973717,1.5196211
1660,2024-07-18,0.5884043,1.4504284
1661,2024-07-19,0.57120514,1.5859586
1662,2024-07-20,0.53876376,1.5322603
1663,2024-07-21,,
1664,2024-07-22,,
1665,2024-07-23,0.5231164,1.2586678
1666,2024-07-24,,
1667,2024-07-25,,
1668,2024-07-26,,
1669,2024-07-27,,
1670,2024-07-28,,
1671,2024-07-29,,
1672,2024-07-30,,
1673,2024-07-31,,
1674,2024-08-01,0.5209597,4372.2593
1675,2024-08-02,0.6086677,1.6224694
1676,2024-08-03,0.6139028,1.6003345
1677,2024-08-04,,
1678,2024-08-05,,
1679,2024-08-06,0.6619035,1.6212019
1680,2024-08-07,0.6066444,1.5129219
1681,2024-08-08,0.6027303,10926.375
1682,2024-08-09,0.63327855,1.7202402
1683,2024-08-10,,
1684,2024-08-11,,
1685,2024-08-12,0.66673183,1.7951243
1686,2024-08-13,,
1687,2024-08-14,0.6188614,50338.383
1688,2024-08-15,,
1689,2024-08-16,,
1690,2024-08-17,,
1691,2024-08-18,,
1692,2024-08-19,,
1693,2024-08-20,,
1694,2024-08-21,,
1695,2024-08-22,,
1696,2024-08-23,0.708547,1.9449536
1697,2024-08-24,,
1698,2024-08-25,,
1699,2024-08-26,0.7194339,2.1536694
1700,2024-08-27,,
1701,2024-08-28,0.73433006,1.8860357
1702,2024-08-29,,
1703,2024-08-30,0.64759964,1.7620103
1704,2024-08-31,0.68952984,2.3289464
1705,2024-09-01,0.70411956,2.1073494
1706,2024-09-02,0.7477359,1.9718337
1707,2024-09-03,0.73328066,1.959417
1708,2024-09-04,,
1709,2024-09-05,,
1710,2024-09-06,0.6999463,1.9773178
1711,2024-09-07,,
1712,2024-09-08,0.71815425,2.0460117
1713,2024-09-09,,
1714,2024-09-10,0.7301422,1.9925364
1715,2024-09-11,0.7442194,1.9924644
1716,2024-09-12,0.73867464,1.9507778
1717,2024-09-13,,
1718,2024-09-14,,
1719,2024-09-15,,
1720,2024-09-16,0.7113686,1.9467479
1721,2024-09-17,0.729291,2.2673588
1722,2024-09-18,0.7084074,1.9449761
1723,2024-09-19,,
1724,2024-09-20,,
1725,2024-09-21,,
1726,2024-09-22,,
1727,2024-09-23,,
1728,2024-09-24,,
1729,2024-09-25,,
1730,2024-09-26,,
1731,2024-09-27,,
1732,2024-09-28,0.7084456,2.067197
1733,2024-09-29,,
1734,2024-09-30,,
1735,2024-10-01,,
1736,2024-10-02,,
1737,2024-10-03,,
1738,2024-10-04,,
1739,2024-10-05,,
1740,2024-10-06,0.6484502,1.9077638
1741,2024-10-07,,
1742,2024-10-08,,
1743,2024-10-09,,
1744,2024-10-10,,
1745,2024-10-11,0.6451792,1.6372626
1746,2024-10-12,,
1747,2024-10-13,0.6614834,1.7156359
1748,2024-10-14,0.6879397,1.8260843
1749,2024-10-15,,
1750,2024-10-16,,
1751,2024-10-17,,
1752,2024-10-18,0.63616395,1.7424835
1753,2024-10-19,0.59679174,1.7146397
1754,2024-10-20,,
1755,2024-10-21,,
1756,2024-10-22,,
1757,2024-10-23,0.6512581,1.6325495
1758,2024-10-24,,
1759,2024-10-25,,
1760,2024-10-26,,
1761,2024-10-27,,
1762,2024-10-28,,
1763,2024-10-29,0.5752305,1.4043856
1764,2024-10-30,,
1765,2024-10-31,,
1766,2024-11-01,,
1767,2024-11-02,0.530761,1.3441877
1768,2024-11-03,0.52352643,1.2886381
1769,2024-11-04,0.53160906,1.3711585
1770,2024-11-05,0.5110845,1.369049
1771,2024-11-06,0.5116604,1.2369201
1772,2024-11-07,0.50229084,1.3285412
1773,2024-11-08,,
1774,2024-11-09,,
1775,2024-11-10,,
1776,2024-11-11,,
1777,2024-11-12,,
1778,2024-11-13,,
1779,2024-11-14,,
1780,2024-11-15,0.5019568,1.214743
1781,2024-11-16,,
1782,2024-11-17,0.5223147,1.3388144
1783,2024-11-18,,
1784,2024-11-19,,
1785,2024-11-20,,
1786,2024-11-21,,
1787,2024-11-22,0.5289609,1.2899374
1788,2024-11-23,,
1789,2024-11-24,0.46234244,1.4310455
1790,2024-11-25,,
1791,2024-11-26,0.54451245,1.3710507
1792,2024-11-27,0.53553957,1.3911352
1793,2024-11-28,0.4860202,5868.01
1794,2024-11-29,0.51936895,1.3461531
1795,2024-11-30,0.5029374,1.2881899
1796,2024-12-01,,
1797,2024-12-02,,
1798,2024-12-03,,
1799,2024-12-04,,
1800,2024-12-05,,
1801,2024-12-06,,
1802,2024-12-07,,
1803,2024-12-08,,
1804,2024-12-09,,
1805,2024-12-10,,
1806,2024-12-11,,
1807,2024-12-12,,
1808,2024-12-13,,
1809,2024-12-14,,
1810,2024-12-15,,
1811,2024-12-16,,
1812,2024-12-17,,
1813,2024-12-18,,
1814,2024-12-19,,
1815,2024-12-20,,
1816,2024-12-21,,
1817,2024-12-22,,
1818,2024-12-23,,
1819,2024-12-24,,
1820,2024-12-25,,
1821,2024-12-26,,
1822,2024-12-27,,
1823,2024-12-28,,
1824,2024-12-29,,
1825,2024-12-30,,
1826,2024-12-31,,
